iteration,best_cost,best_vehicle_num,time_elapsed,avg_cost,current_iter_best,best_path
0,1681.0204593701806,27,0.6820242404937744,1933.6249594229034,1681.0204593701806,"[0, 28, 24, 25, 0, 12, 3, 0, 27, 1, 0, 32, 0, 5, 6, 13, 0, 50, 0, 26, 0, 15, 22, 0, 8, 46, 48, 0, 29, 34, 35, 0, 40, 37, 17, 0, 21, 4, 0, 18, 0, 33, 10, 0, 7, 0, 2, 0, 31, 20, 0, 30, 0, 11, 19, 49, 0, 39, 23, 41, 43, 0, 16, 0, 44, 0, 42, 0, 14, 38, 0, 36, 47, 0, 9, 0, 45, 0]"
1,1527.0479860493729,23,1.252887487411499,1702.7443376106326,1527.0479860493729,"[0, 27, 1, 0, 28, 26, 0, 11, 19, 48, 0, 42, 37, 17, 0, 40, 35, 0, 8, 46, 0, 5, 6, 13, 0, 3, 0, 18, 0, 45, 0, 31, 20, 32, 0, 12, 9, 34, 0, 15, 22, 0, 50, 0, 21, 4, 0, 2, 41, 43, 0, 44, 38, 0, 7, 10, 0, 14, 16, 0, 30, 0, 39, 23, 25, 0, 36, 47, 49, 0, 33, 29, 24, 0]"
2,1448.741500879796,21,1.7568013668060303,1585.4669823046124,1448.741500879796,"[0, 27, 1, 0, 5, 6, 37, 17, 0, 21, 50, 0, 28, 26, 0, 31, 20, 32, 0, 40, 13, 0, 14, 16, 0, 29, 24, 25, 0, 12, 3, 0, 2, 41, 0, 42, 43, 0, 11, 48, 0, 45, 8, 46, 0, 18, 10, 0, 15, 22, 0, 7, 0, 33, 9, 34, 35, 0, 30, 49, 0, 44, 38, 0, 39, 23, 4, 0, 36, 47, 19, 0]"
3,1419.6622195982998,21,2.2366533279418945,1530.8505870338747,1419.6622195982998,"[0, 40, 26, 4, 25, 0, 27, 10, 0, 21, 22, 0, 6, 13, 0, 28, 12, 50, 0, 45, 8, 46, 48, 0, 15, 43, 0, 2, 41, 0, 30, 20, 32, 0, 18, 0, 39, 23, 0, 31, 1, 0, 7, 17, 0, 42, 37, 0, 33, 9, 34, 35, 0, 44, 38, 0, 5, 3, 0, 29, 24, 0, 14, 16, 0, 11, 19, 49, 0, 36, 47, 0]"
4,1365.1996209070708,19,3.3600077629089355,1475.3627358249237,1365.1996209070708,"[0, 27, 0, 50, 1, 0, 28, 26, 4, 25, 0, 8, 46, 48, 0, 40, 13, 0, 12, 3, 24, 0, 5, 6, 37, 17, 0, 14, 16, 0, 39, 23, 41, 0, 45, 7, 0, 2, 18, 10, 32, 0, 36, 47, 49, 0, 31, 30, 20, 0, 11, 19, 0, 21, 22, 43, 0, 33, 9, 34, 35, 0, 42, 44, 38, 0, 29, 0, 15, 0]"
5,1360.881937822574,20,4.318110227584839,1482.5375117572107,1360.881937822574,"[0, 40, 13, 0, 27, 1, 0, 28, 26, 4, 25, 0, 21, 22, 0, 7, 10, 32, 0, 5, 6, 37, 0, 29, 24, 0, 50, 0, 45, 8, 46, 48, 0, 18, 17, 0, 12, 3, 0, 15, 43, 0, 11, 19, 49, 0, 36, 47, 0, 31, 30, 20, 0, 14, 16, 0, 42, 2, 41, 0, 33, 9, 34, 35, 0, 39, 23, 0, 44, 38, 0]"
6,1360.881937822574,20,5.345402956008911,1480.5422148449672,1409.6729469223767,"[0, 40, 13, 0, 27, 1, 0, 28, 26, 4, 25, 0, 21, 22, 0, 7, 10, 32, 0, 5, 6, 37, 0, 29, 24, 0, 50, 0, 45, 8, 46, 48, 0, 18, 17, 0, 12, 3, 0, 15, 43, 0, 11, 19, 49, 0, 36, 47, 0, 31, 30, 20, 0, 14, 16, 0, 42, 2, 41, 0, 33, 9, 34, 35, 0, 39, 23, 0, 44, 38, 0]"
7,1333.6784612167608,20,6.261561632156372,1431.7005164278412,1333.6784612167608,"[0, 39, 23, 41, 0, 27, 1, 0, 18, 17, 0, 28, 26, 4, 25, 0, 40, 13, 0, 11, 19, 49, 48, 0, 5, 6, 37, 0, 50, 0, 42, 2, 0, 33, 9, 34, 35, 0, 21, 22, 0, 7, 10, 32, 0, 36, 47, 46, 0, 15, 43, 0, 45, 8, 0, 31, 30, 20, 0, 29, 24, 0, 44, 38, 0, 14, 16, 0, 12, 3, 0]"
8,1333.6784612167608,20,7.204176187515259,1447.1891080528462,1363.9345313982437,"[0, 39, 23, 41, 0, 27, 1, 0, 18, 17, 0, 28, 26, 4, 25, 0, 40, 13, 0, 11, 19, 49, 48, 0, 5, 6, 37, 0, 50, 0, 42, 2, 0, 33, 9, 34, 35, 0, 21, 22, 0, 7, 10, 32, 0, 36, 47, 46, 0, 15, 43, 0, 45, 8, 0, 31, 30, 20, 0, 29, 24, 0, 44, 38, 0, 14, 16, 0, 12, 3, 0]"
9,1333.6784612167608,20,8.112281322479248,1444.7798092012622,1340.6785464540592,"[0, 39, 23, 41, 0, 27, 1, 0, 18, 17, 0, 28, 26, 4, 25, 0, 40, 13, 0, 11, 19, 49, 48, 0, 5, 6, 37, 0, 50, 0, 42, 2, 0, 33, 9, 34, 35, 0, 21, 22, 0, 7, 10, 32, 0, 36, 47, 46, 0, 15, 43, 0, 45, 8, 0, 31, 30, 20, 0, 29, 24, 0, 44, 38, 0, 14, 16, 0, 12, 3, 0]"
10,1308.2769171616287,19,9.11160659790039,1415.4807714261863,1308.2769171616287,"[0, 39, 23, 41, 0, 12, 3, 4, 25, 0, 27, 1, 0, 18, 50, 0, 29, 24, 0, 28, 26, 0, 31, 30, 20, 32, 0, 40, 13, 0, 15, 43, 0, 5, 6, 37, 0, 33, 9, 34, 35, 0, 11, 19, 49, 48, 0, 21, 22, 0, 7, 10, 0, 42, 2, 0, 36, 47, 46, 0, 14, 16, 0, 45, 8, 17, 0, 44, 38, 0]"
11,1308.2769171616287,19,10.074243307113647,1425.6244202009198,1350.0352319272533,"[0, 39, 23, 41, 0, 12, 3, 4, 25, 0, 27, 1, 0, 18, 50, 0, 29, 24, 0, 28, 26, 0, 31, 30, 20, 32, 0, 40, 13, 0, 15, 43, 0, 5, 6, 37, 0, 33, 9, 34, 35, 0, 11, 19, 49, 48, 0, 21, 22, 0, 7, 10, 0, 42, 2, 0, 36, 47, 46, 0, 14, 16, 0, 45, 8, 17, 0, 44, 38, 0]"
12,1308.2769171616287,19,11.047346591949463,1407.5568259812162,1334.302856021553,"[0, 39, 23, 41, 0, 12, 3, 4, 25, 0, 27, 1, 0, 18, 50, 0, 29, 24, 0, 28, 26, 0, 31, 30, 20, 32, 0, 40, 13, 0, 15, 43, 0, 5, 6, 37, 0, 33, 9, 34, 35, 0, 11, 19, 49, 48, 0, 21, 22, 0, 7, 10, 0, 42, 2, 0, 36, 47, 46, 0, 14, 16, 0, 45, 8, 17, 0, 44, 38, 0]"
13,1304.4165384790995,19,11.965356826782227,1415.6447155805565,1304.4165384790995,"[0, 28, 26, 4, 25, 0, 40, 13, 0, 31, 30, 20, 32, 0, 27, 1, 0, 12, 3, 24, 0, 18, 17, 0, 21, 22, 0, 5, 6, 37, 0, 11, 19, 49, 48, 0, 44, 38, 43, 0, 45, 8, 46, 0, 7, 10, 0, 33, 9, 34, 35, 0, 29, 50, 0, 39, 23, 41, 0, 2, 0, 14, 16, 0, 42, 15, 0, 36, 47, 0]"
14,1304.4165384790995,19,13.184111833572388,1396.599137444494,1323.7246400044285,"[0, 28, 26, 4, 25, 0, 40, 13, 0, 31, 30, 20, 32, 0, 27, 1, 0, 12, 3, 24, 0, 18, 17, 0, 21, 22, 0, 5, 6, 37, 0, 11, 19, 49, 48, 0, 44, 38, 43, 0, 45, 8, 46, 0, 7, 10, 0, 33, 9, 34, 35, 0, 29, 50, 0, 39, 23, 41, 0, 2, 0, 14, 16, 0, 42, 15, 0, 36, 47, 0]"
15,1304.4165384790995,19,14.326023817062378,1390.3918674870042,1322.7075942442148,"[0, 28, 26, 4, 25, 0, 40, 13, 0, 31, 30, 20, 32, 0, 27, 1, 0, 12, 3, 24, 0, 18, 17, 0, 21, 22, 0, 5, 6, 37, 0, 11, 19, 49, 48, 0, 44, 38, 43, 0, 45, 8, 46, 0, 7, 10, 0, 33, 9, 34, 35, 0, 29, 50, 0, 39, 23, 41, 0, 2, 0, 14, 16, 0, 42, 15, 0, 36, 47, 0]"
16,1304.4165384790995,19,15.54094409942627,1373.7320885226416,1314.851573856295,"[0, 28, 26, 4, 25, 0, 40, 13, 0, 31, 30, 20, 32, 0, 27, 1, 0, 12, 3, 24, 0, 18, 17, 0, 21, 22, 0, 5, 6, 37, 0, 11, 19, 49, 48, 0, 44, 38, 43, 0, 45, 8, 46, 0, 7, 10, 0, 33, 9, 34, 35, 0, 29, 50, 0, 39, 23, 41, 0, 2, 0, 14, 16, 0, 42, 15, 0, 36, 47, 0]"
17,1299.7300243760699,19,16.64324378967285,1376.142311589738,1299.7300243760699,"[0, 27, 1, 0, 31, 30, 20, 32, 0, 28, 26, 4, 25, 0, 5, 6, 37, 0, 12, 3, 24, 0, 18, 17, 0, 39, 23, 41, 0, 40, 13, 0, 7, 10, 0, 29, 50, 0, 44, 38, 43, 0, 33, 9, 34, 35, 0, 21, 22, 0, 2, 0, 42, 15, 0, 36, 47, 46, 48, 0, 45, 8, 0, 11, 19, 49, 0, 14, 16, 0]"
18,1299.7300243760699,19,17.588422060012817,1365.0318203486634,1305.0446752782395,"[0, 27, 1, 0, 31, 30, 20, 32, 0, 28, 26, 4, 25, 0, 5, 6, 37, 0, 12, 3, 24, 0, 18, 17, 0, 39, 23, 41, 0, 40, 13, 0, 7, 10, 0, 29, 50, 0, 44, 38, 43, 0, 33, 9, 34, 35, 0, 21, 22, 0, 2, 0, 42, 15, 0, 36, 47, 46, 48, 0, 45, 8, 0, 11, 19, 49, 0, 14, 16, 0]"
19,1299.7300243760699,19,18.428069353103638,1369.9993548331897,1318.103316574025,"[0, 27, 1, 0, 31, 30, 20, 32, 0, 28, 26, 4, 25, 0, 5, 6, 37, 0, 12, 3, 24, 0, 18, 17, 0, 39, 23, 41, 0, 40, 13, 0, 7, 10, 0, 29, 50, 0, 44, 38, 43, 0, 33, 9, 34, 35, 0, 21, 22, 0, 2, 0, 42, 15, 0, 36, 47, 46, 48, 0, 45, 8, 0, 11, 19, 49, 0, 14, 16, 0]"
20,1283.162313114603,18,19.257490396499634,1365.9523516545773,1283.162313114603,"[0, 12, 3, 24, 25, 0, 28, 26, 4, 0, 40, 13, 0, 27, 1, 0, 29, 50, 0, 11, 19, 49, 48, 0, 31, 30, 20, 32, 0, 18, 17, 0, 5, 6, 37, 0, 45, 8, 46, 0, 15, 43, 0, 2, 41, 0, 36, 47, 7, 10, 0, 42, 44, 38, 0, 33, 9, 34, 35, 0, 21, 22, 0, 39, 23, 0, 14, 16, 0]"
21,1283.162313114603,18,20.121112823486328,1378.4911650666436,1299.1051358392326,"[0, 12, 3, 24, 25, 0, 28, 26, 4, 0, 40, 13, 0, 27, 1, 0, 29, 50, 0, 11, 19, 49, 48, 0, 31, 30, 20, 32, 0, 18, 17, 0, 5, 6, 37, 0, 45, 8, 46, 0, 15, 43, 0, 2, 41, 0, 36, 47, 7, 10, 0, 42, 44, 38, 0, 33, 9, 34, 35, 0, 21, 22, 0, 39, 23, 0, 14, 16, 0]"
22,1283.162313114603,18,21.102241277694702,1348.3231942321695,1302.2755959930116,"[0, 12, 3, 24, 25, 0, 28, 26, 4, 0, 40, 13, 0, 27, 1, 0, 29, 50, 0, 11, 19, 49, 48, 0, 31, 30, 20, 32, 0, 18, 17, 0, 5, 6, 37, 0, 45, 8, 46, 0, 15, 43, 0, 2, 41, 0, 36, 47, 7, 10, 0, 42, 44, 38, 0, 33, 9, 34, 35, 0, 21, 22, 0, 39, 23, 0, 14, 16, 0]"
23,1283.162313114603,18,21.944327354431152,1359.1555603813779,1302.9798844103004,"[0, 12, 3, 24, 25, 0, 28, 26, 4, 0, 40, 13, 0, 27, 1, 0, 29, 50, 0, 11, 19, 49, 48, 0, 31, 30, 20, 32, 0, 18, 17, 0, 5, 6, 37, 0, 45, 8, 46, 0, 15, 43, 0, 2, 41, 0, 36, 47, 7, 10, 0, 42, 44, 38, 0, 33, 9, 34, 35, 0, 21, 22, 0, 39, 23, 0, 14, 16, 0]"
24,1283.162313114603,18,22.885592222213745,1366.7689249379475,1307.0848648182255,"[0, 12, 3, 24, 25, 0, 28, 26, 4, 0, 40, 13, 0, 27, 1, 0, 29, 50, 0, 11, 19, 49, 48, 0, 31, 30, 20, 32, 0, 18, 17, 0, 5, 6, 37, 0, 45, 8, 46, 0, 15, 43, 0, 2, 41, 0, 36, 47, 7, 10, 0, 42, 44, 38, 0, 33, 9, 34, 35, 0, 21, 22, 0, 39, 23, 0, 14, 16, 0]"
25,1280.1015815048684,18,23.692984580993652,1352.7141166403126,1280.1015815048684,"[0, 27, 1, 0, 12, 3, 24, 25, 0, 28, 26, 4, 0, 42, 15, 43, 0, 45, 8, 46, 48, 0, 18, 17, 0, 40, 13, 0, 31, 30, 20, 32, 0, 33, 9, 34, 35, 0, 2, 41, 37, 0, 21, 22, 0, 11, 19, 49, 0, 39, 23, 0, 5, 6, 0, 29, 50, 0, 36, 47, 7, 10, 0, 44, 38, 0, 14, 16, 0]"
26,1280.1015815048684,18,24.689955711364746,1348.0555873387282,1281.8638452215835,"[0, 27, 1, 0, 12, 3, 24, 25, 0, 28, 26, 4, 0, 42, 15, 43, 0, 45, 8, 46, 48, 0, 18, 17, 0, 40, 13, 0, 31, 30, 20, 32, 0, 33, 9, 34, 35, 0, 2, 41, 37, 0, 21, 22, 0, 11, 19, 49, 0, 39, 23, 0, 5, 6, 0, 29, 50, 0, 36, 47, 7, 10, 0, 44, 38, 0, 14, 16, 0]"
27,1259.146339539351,17,25.789342880249023,1332.8550330901774,1259.146339539351,"[0, 27, 1, 0, 42, 15, 43, 0, 28, 26, 4, 25, 0, 39, 23, 41, 37, 17, 0, 40, 13, 0, 2, 21, 22, 0, 5, 6, 0, 44, 38, 0, 36, 47, 7, 10, 32, 0, 12, 3, 24, 0, 18, 50, 0, 31, 30, 20, 0, 11, 19, 49, 48, 0, 33, 9, 34, 35, 0, 29, 0, 14, 16, 0, 45, 8, 46, 0]"
28,1258.1054813472763,18,26.638319730758667,1343.3510507640392,1258.1054813472763,"[0, 36, 47, 7, 10, 32, 0, 28, 26, 4, 25, 0, 27, 1, 0, 40, 13, 0, 14, 16, 17, 0, 42, 15, 43, 0, 33, 9, 34, 35, 0, 29, 24, 0, 18, 50, 0, 45, 8, 46, 48, 0, 31, 30, 20, 0, 12, 3, 0, 39, 23, 41, 37, 0, 5, 6, 0, 21, 22, 0, 44, 38, 0, 11, 19, 49, 0, 2, 0]"
29,1254.1541925356203,17,27.509368419647217,1328.6060099881129,1254.1541925356203,"[0, 27, 1, 0, 28, 26, 4, 25, 0, 40, 13, 0, 2, 21, 22, 0, 31, 30, 20, 32, 0, 18, 17, 0, 12, 3, 24, 0, 5, 6, 37, 0, 33, 9, 34, 35, 0, 39, 23, 41, 43, 0, 15, 0, 42, 44, 38, 0, 14, 16, 0, 11, 19, 49, 48, 0, 45, 8, 46, 0, 36, 47, 7, 10, 0, 29, 50, 0]"
30,1239.1721351465937,17,28.353792190551758,1339.8460376592443,1239.1721351465937,"[0, 27, 1, 0, 40, 13, 0, 2, 21, 22, 0, 28, 26, 4, 25, 0, 11, 19, 49, 48, 0, 18, 17, 0, 39, 23, 41, 37, 0, 44, 38, 43, 0, 33, 9, 34, 35, 0, 29, 50, 0, 12, 3, 24, 0, 36, 47, 7, 10, 32, 0, 31, 30, 20, 0, 42, 15, 0, 5, 6, 0, 45, 8, 46, 0, 14, 16, 0]"
31,1239.1721351465937,17,29.185219287872314,1332.2113410015413,1258.089973254015,"[0, 27, 1, 0, 40, 13, 0, 2, 21, 22, 0, 28, 26, 4, 25, 0, 11, 19, 49, 48, 0, 18, 17, 0, 39, 23, 41, 37, 0, 44, 38, 43, 0, 33, 9, 34, 35, 0, 29, 50, 0, 12, 3, 24, 0, 36, 47, 7, 10, 32, 0, 31, 30, 20, 0, 42, 15, 0, 5, 6, 0, 45, 8, 46, 0, 14, 16, 0]"
32,1239.1721351465937,17,30.04093647003174,1315.9931905491744,1240.7128844050135,"[0, 27, 1, 0, 40, 13, 0, 2, 21, 22, 0, 28, 26, 4, 25, 0, 11, 19, 49, 48, 0, 18, 17, 0, 39, 23, 41, 37, 0, 44, 38, 43, 0, 33, 9, 34, 35, 0, 29, 50, 0, 12, 3, 24, 0, 36, 47, 7, 10, 32, 0, 31, 30, 20, 0, 42, 15, 0, 5, 6, 0, 45, 8, 46, 0, 14, 16, 0]"
33,1236.8270302871183,17,30.989778995513916,1314.7765859747783,1236.8270302871183,"[0, 11, 19, 49, 48, 0, 27, 1, 0, 28, 26, 4, 25, 0, 18, 17, 0, 12, 3, 24, 0, 29, 50, 0, 2, 21, 22, 0, 31, 30, 20, 32, 0, 40, 13, 0, 36, 47, 7, 10, 0, 5, 6, 37, 0, 45, 8, 46, 0, 33, 9, 34, 35, 0, 44, 38, 43, 0, 39, 23, 41, 0, 42, 15, 0, 14, 16, 0]"
34,1236.8270302871183,17,31.792712926864624,1320.5898973080407,1259.7604128015541,"[0, 11, 19, 49, 48, 0, 27, 1, 0, 28, 26, 4, 25, 0, 18, 17, 0, 12, 3, 24, 0, 29, 50, 0, 2, 21, 22, 0, 31, 30, 20, 32, 0, 40, 13, 0, 36, 47, 7, 10, 0, 5, 6, 37, 0, 45, 8, 46, 0, 33, 9, 34, 35, 0, 44, 38, 43, 0, 39, 23, 41, 0, 42, 15, 0, 14, 16, 0]"
35,1236.8270302871183,17,32.6845064163208,1302.9725787890898,1240.128962307616,"[0, 11, 19, 49, 48, 0, 27, 1, 0, 28, 26, 4, 25, 0, 18, 17, 0, 12, 3, 24, 0, 29, 50, 0, 2, 21, 22, 0, 31, 30, 20, 32, 0, 40, 13, 0, 36, 47, 7, 10, 0, 5, 6, 37, 0, 45, 8, 46, 0, 33, 9, 34, 35, 0, 44, 38, 43, 0, 39, 23, 41, 0, 42, 15, 0, 14, 16, 0]"
36,1236.8270302871183,17,33.658679246902466,1303.661699623021,1236.8270302871185,"[0, 11, 19, 49, 48, 0, 27, 1, 0, 28, 26, 4, 25, 0, 18, 17, 0, 12, 3, 24, 0, 29, 50, 0, 2, 21, 22, 0, 31, 30, 20, 32, 0, 40, 13, 0, 36, 47, 7, 10, 0, 5, 6, 37, 0, 45, 8, 46, 0, 33, 9, 34, 35, 0, 44, 38, 43, 0, 39, 23, 41, 0, 42, 15, 0, 14, 16, 0]"
37,1236.8270302871183,17,34.4806113243103,1301.019476015978,1237.0781947128019,"[0, 11, 19, 49, 48, 0, 27, 1, 0, 28, 26, 4, 25, 0, 18, 17, 0, 12, 3, 24, 0, 29, 50, 0, 2, 21, 22, 0, 31, 30, 20, 32, 0, 40, 13, 0, 36, 47, 7, 10, 0, 5, 6, 37, 0, 45, 8, 46, 0, 33, 9, 34, 35, 0, 44, 38, 43, 0, 39, 23, 41, 0, 42, 15, 0, 14, 16, 0]"
38,1221.5581249307866,17,35.2985622882843,1294.3611178749975,1221.5581249307866,"[0, 27, 1, 0, 28, 26, 4, 25, 0, 40, 13, 0, 29, 50, 0, 42, 15, 43, 0, 12, 3, 24, 0, 31, 30, 20, 32, 0, 18, 17, 0, 2, 21, 22, 0, 33, 9, 34, 35, 0, 14, 16, 37, 0, 44, 38, 0, 5, 6, 0, 45, 8, 46, 48, 0, 39, 23, 41, 0, 11, 19, 49, 0, 36, 47, 7, 10, 0]"
39,1221.5581249307866,17,36.098740100860596,1280.007290509112,1221.558124930787,"[0, 27, 1, 0, 28, 26, 4, 25, 0, 40, 13, 0, 29, 50, 0, 42, 15, 43, 0, 12, 3, 24, 0, 31, 30, 20, 32, 0, 18, 17, 0, 2, 21, 22, 0, 33, 9, 34, 35, 0, 14, 16, 37, 0, 44, 38, 0, 5, 6, 0, 45, 8, 46, 48, 0, 39, 23, 41, 0, 11, 19, 49, 0, 36, 47, 7, 10, 0]"
40,1221.5581249307866,17,36.9682993888855,1292.315233742292,1246.8263378394458,"[0, 27, 1, 0, 28, 26, 4, 25, 0, 40, 13, 0, 29, 50, 0, 42, 15, 43, 0, 12, 3, 24, 0, 31, 30, 20, 32, 0, 18, 17, 0, 2, 21, 22, 0, 33, 9, 34, 35, 0, 14, 16, 37, 0, 44, 38, 0, 5, 6, 0, 45, 8, 46, 48, 0, 39, 23, 41, 0, 11, 19, 49, 0, 36, 47, 7, 10, 0]"
41,1221.5581249307866,17,37.91822266578674,1291.9072175989263,1232.017997128231,"[0, 27, 1, 0, 28, 26, 4, 25, 0, 40, 13, 0, 29, 50, 0, 42, 15, 43, 0, 12, 3, 24, 0, 31, 30, 20, 32, 0, 18, 17, 0, 2, 21, 22, 0, 33, 9, 34, 35, 0, 14, 16, 37, 0, 44, 38, 0, 5, 6, 0, 45, 8, 46, 48, 0, 39, 23, 41, 0, 11, 19, 49, 0, 36, 47, 7, 10, 0]"
42,1221.5581249307866,17,38.9518768787384,1273.025281670954,1235.2465761526219,"[0, 27, 1, 0, 28, 26, 4, 25, 0, 40, 13, 0, 29, 50, 0, 42, 15, 43, 0, 12, 3, 24, 0, 31, 30, 20, 32, 0, 18, 17, 0, 2, 21, 22, 0, 33, 9, 34, 35, 0, 14, 16, 37, 0, 44, 38, 0, 5, 6, 0, 45, 8, 46, 48, 0, 39, 23, 41, 0, 11, 19, 49, 0, 36, 47, 7, 10, 0]"
43,1221.5581249307866,17,39.859395027160645,1303.4079316561606,1247.9656099921435,"[0, 27, 1, 0, 28, 26, 4, 25, 0, 40, 13, 0, 29, 50, 0, 42, 15, 43, 0, 12, 3, 24, 0, 31, 30, 20, 32, 0, 18, 17, 0, 2, 21, 22, 0, 33, 9, 34, 35, 0, 14, 16, 37, 0, 44, 38, 0, 5, 6, 0, 45, 8, 46, 48, 0, 39, 23, 41, 0, 11, 19, 49, 0, 36, 47, 7, 10, 0]"
44,1221.142630110766,17,40.724236488342285,1279.4610124939697,1221.142630110766,"[0, 31, 30, 20, 32, 0, 42, 44, 38, 43, 13, 0, 28, 26, 4, 25, 0, 27, 1, 0, 14, 16, 37, 17, 0, 45, 8, 46, 48, 0, 2, 21, 22, 0, 12, 3, 24, 0, 29, 50, 0, 5, 6, 0, 11, 19, 49, 0, 18, 10, 0, 40, 0, 33, 9, 34, 35, 0, 36, 47, 7, 0, 39, 23, 41, 0, 15, 0]"
45,1221.142630110766,17,41.511600971221924,1290.0537244280638,1238.008964119826,"[0, 31, 30, 20, 32, 0, 42, 44, 38, 43, 13, 0, 28, 26, 4, 25, 0, 27, 1, 0, 14, 16, 37, 17, 0, 45, 8, 46, 48, 0, 2, 21, 22, 0, 12, 3, 24, 0, 29, 50, 0, 5, 6, 0, 11, 19, 49, 0, 18, 10, 0, 40, 0, 33, 9, 34, 35, 0, 36, 47, 7, 0, 39, 23, 41, 0, 15, 0]"
46,1221.142630110766,17,42.33415484428406,1273.0378940040048,1228.2645519793946,"[0, 31, 30, 20, 32, 0, 42, 44, 38, 43, 13, 0, 28, 26, 4, 25, 0, 27, 1, 0, 14, 16, 37, 17, 0, 45, 8, 46, 48, 0, 2, 21, 22, 0, 12, 3, 24, 0, 29, 50, 0, 5, 6, 0, 11, 19, 49, 0, 18, 10, 0, 40, 0, 33, 9, 34, 35, 0, 36, 47, 7, 0, 39, 23, 41, 0, 15, 0]"
47,1221.142630110766,17,43.151954889297485,1284.5734460740553,1232.7257283573035,"[0, 31, 30, 20, 32, 0, 42, 44, 38, 43, 13, 0, 28, 26, 4, 25, 0, 27, 1, 0, 14, 16, 37, 17, 0, 45, 8, 46, 48, 0, 2, 21, 22, 0, 12, 3, 24, 0, 29, 50, 0, 5, 6, 0, 11, 19, 49, 0, 18, 10, 0, 40, 0, 33, 9, 34, 35, 0, 36, 47, 7, 0, 39, 23, 41, 0, 15, 0]"
48,1221.142630110766,17,44.00055980682373,1274.5578062186157,1224.0149021247476,"[0, 31, 30, 20, 32, 0, 42, 44, 38, 43, 13, 0, 28, 26, 4, 25, 0, 27, 1, 0, 14, 16, 37, 17, 0, 45, 8, 46, 48, 0, 2, 21, 22, 0, 12, 3, 24, 0, 29, 50, 0, 5, 6, 0, 11, 19, 49, 0, 18, 10, 0, 40, 0, 33, 9, 34, 35, 0, 36, 47, 7, 0, 39, 23, 41, 0, 15, 0]"
49,1213.4523895108446,17,44.8513560295105,1272.622827516901,1213.4523895108446,"[0, 27, 1, 0, 29, 50, 0, 28, 26, 4, 25, 0, 11, 19, 49, 48, 0, 45, 8, 46, 0, 40, 13, 0, 2, 21, 22, 0, 31, 30, 20, 32, 0, 14, 16, 37, 17, 0, 12, 3, 24, 0, 36, 47, 7, 10, 0, 5, 6, 0, 42, 15, 43, 0, 18, 0, 33, 9, 34, 35, 0, 39, 23, 41, 0, 44, 38, 0]"
50,1213.4523895108446,17,45.82579779624939,1275.024565633529,1225.4021869377184,"[0, 27, 1, 0, 29, 50, 0, 28, 26, 4, 25, 0, 11, 19, 49, 48, 0, 45, 8, 46, 0, 40, 13, 0, 2, 21, 22, 0, 31, 30, 20, 32, 0, 14, 16, 37, 17, 0, 12, 3, 24, 0, 36, 47, 7, 10, 0, 5, 6, 0, 42, 15, 43, 0, 18, 0, 33, 9, 34, 35, 0, 39, 23, 41, 0, 44, 38, 0]"
51,1213.4523895108446,17,46.84223198890686,1258.7446347401012,1221.3109818395596,"[0, 27, 1, 0, 29, 50, 0, 28, 26, 4, 25, 0, 11, 19, 49, 48, 0, 45, 8, 46, 0, 40, 13, 0, 2, 21, 22, 0, 31, 30, 20, 32, 0, 14, 16, 37, 17, 0, 12, 3, 24, 0, 36, 47, 7, 10, 0, 5, 6, 0, 42, 15, 43, 0, 18, 0, 33, 9, 34, 35, 0, 39, 23, 41, 0, 44, 38, 0]"
52,1213.4523895108446,17,47.65750169754028,1282.3591628174877,1236.1980732503757,"[0, 27, 1, 0, 29, 50, 0, 28, 26, 4, 25, 0, 11, 19, 49, 48, 0, 45, 8, 46, 0, 40, 13, 0, 2, 21, 22, 0, 31, 30, 20, 32, 0, 14, 16, 37, 17, 0, 12, 3, 24, 0, 36, 47, 7, 10, 0, 5, 6, 0, 42, 15, 43, 0, 18, 0, 33, 9, 34, 35, 0, 39, 23, 41, 0, 44, 38, 0]"
53,1208.945322313058,17,48.45614767074585,1278.143656626491,1208.945322313058,"[0, 28, 26, 4, 25, 0, 27, 1, 0, 2, 21, 22, 0, 31, 30, 20, 32, 0, 18, 17, 0, 42, 15, 43, 13, 0, 14, 16, 37, 0, 29, 50, 0, 44, 38, 0, 39, 23, 41, 0, 40, 0, 12, 3, 24, 0, 33, 9, 34, 35, 0, 5, 6, 0, 11, 19, 49, 48, 0, 45, 8, 46, 0, 36, 47, 7, 10, 0]"
54,1208.945322313058,17,49.30380415916443,1277.1719241352118,1218.8542046455987,"[0, 28, 26, 4, 25, 0, 27, 1, 0, 2, 21, 22, 0, 31, 30, 20, 32, 0, 18, 17, 0, 42, 15, 43, 13, 0, 14, 16, 37, 0, 29, 50, 0, 44, 38, 0, 39, 23, 41, 0, 40, 0, 12, 3, 24, 0, 33, 9, 34, 35, 0, 5, 6, 0, 11, 19, 49, 48, 0, 45, 8, 46, 0, 36, 47, 7, 10, 0]"
55,1208.945322313058,17,50.056740045547485,1256.2240741198696,1210.5360663992954,"[0, 28, 26, 4, 25, 0, 27, 1, 0, 2, 21, 22, 0, 31, 30, 20, 32, 0, 18, 17, 0, 42, 15, 43, 13, 0, 14, 16, 37, 0, 29, 50, 0, 44, 38, 0, 39, 23, 41, 0, 40, 0, 12, 3, 24, 0, 33, 9, 34, 35, 0, 5, 6, 0, 11, 19, 49, 48, 0, 45, 8, 46, 0, 36, 47, 7, 10, 0]"
56,1208.945322313058,17,50.91366362571716,1256.7893649372045,1212.8520167058332,"[0, 28, 26, 4, 25, 0, 27, 1, 0, 2, 21, 22, 0, 31, 30, 20, 32, 0, 18, 17, 0, 42, 15, 43, 13, 0, 14, 16, 37, 0, 29, 50, 0, 44, 38, 0, 39, 23, 41, 0, 40, 0, 12, 3, 24, 0, 33, 9, 34, 35, 0, 5, 6, 0, 11, 19, 49, 48, 0, 45, 8, 46, 0, 36, 47, 7, 10, 0]"
57,1208.945322313058,17,51.767014026641846,1265.2654696455243,1215.5357092691374,"[0, 28, 26, 4, 25, 0, 27, 1, 0, 2, 21, 22, 0, 31, 30, 20, 32, 0, 18, 17, 0, 42, 15, 43, 13, 0, 14, 16, 37, 0, 29, 50, 0, 44, 38, 0, 39, 23, 41, 0, 40, 0, 12, 3, 24, 0, 33, 9, 34, 35, 0, 5, 6, 0, 11, 19, 49, 48, 0, 45, 8, 46, 0, 36, 47, 7, 10, 0]"
58,1208.945322313058,17,52.58602738380432,1274.566853580228,1221.558124930787,"[0, 28, 26, 4, 25, 0, 27, 1, 0, 2, 21, 22, 0, 31, 30, 20, 32, 0, 18, 17, 0, 42, 15, 43, 13, 0, 14, 16, 37, 0, 29, 50, 0, 44, 38, 0, 39, 23, 41, 0, 40, 0, 12, 3, 24, 0, 33, 9, 34, 35, 0, 5, 6, 0, 11, 19, 49, 48, 0, 45, 8, 46, 0, 36, 47, 7, 10, 0]"
59,1208.945322313058,17,53.37471842765808,1261.4363830405277,1217.215679095591,"[0, 28, 26, 4, 25, 0, 27, 1, 0, 2, 21, 22, 0, 31, 30, 20, 32, 0, 18, 17, 0, 42, 15, 43, 13, 0, 14, 16, 37, 0, 29, 50, 0, 44, 38, 0, 39, 23, 41, 0, 40, 0, 12, 3, 24, 0, 33, 9, 34, 35, 0, 5, 6, 0, 11, 19, 49, 48, 0, 45, 8, 46, 0, 36, 47, 7, 10, 0]"
60,1206.991760930817,16,54.18918585777283,1263.250796337265,1206.991760930817,"[0, 28, 26, 4, 25, 0, 27, 1, 0, 40, 13, 0, 31, 30, 20, 32, 0, 14, 16, 37, 17, 0, 5, 6, 0, 18, 10, 0, 42, 15, 43, 0, 2, 21, 22, 0, 36, 47, 7, 8, 46, 48, 0, 33, 9, 34, 35, 0, 12, 3, 24, 0, 45, 44, 38, 0, 29, 50, 0, 39, 23, 41, 0, 11, 19, 49, 0]"
61,1206.991760930817,16,55.047446489334106,1267.8201721839087,1225.5207663099504,"[0, 28, 26, 4, 25, 0, 27, 1, 0, 40, 13, 0, 31, 30, 20, 32, 0, 14, 16, 37, 17, 0, 5, 6, 0, 18, 10, 0, 42, 15, 43, 0, 2, 21, 22, 0, 36, 47, 7, 8, 46, 48, 0, 33, 9, 34, 35, 0, 12, 3, 24, 0, 45, 44, 38, 0, 29, 50, 0, 39, 23, 41, 0, 11, 19, 49, 0]"
62,1206.991760930817,16,55.839953899383545,1267.3627812679795,1221.558124930787,"[0, 28, 26, 4, 25, 0, 27, 1, 0, 40, 13, 0, 31, 30, 20, 32, 0, 14, 16, 37, 17, 0, 5, 6, 0, 18, 10, 0, 42, 15, 43, 0, 2, 21, 22, 0, 36, 47, 7, 8, 46, 48, 0, 33, 9, 34, 35, 0, 12, 3, 24, 0, 45, 44, 38, 0, 29, 50, 0, 39, 23, 41, 0, 11, 19, 49, 0]"
63,1206.991760930817,16,56.66283917427063,1266.5661414896417,1226.1465204050432,"[0, 28, 26, 4, 25, 0, 27, 1, 0, 40, 13, 0, 31, 30, 20, 32, 0, 14, 16, 37, 17, 0, 5, 6, 0, 18, 10, 0, 42, 15, 43, 0, 2, 21, 22, 0, 36, 47, 7, 8, 46, 48, 0, 33, 9, 34, 35, 0, 12, 3, 24, 0, 45, 44, 38, 0, 29, 50, 0, 39, 23, 41, 0, 11, 19, 49, 0]"
64,1206.991760930817,16,57.48304581642151,1262.8209016669632,1226.798216462993,"[0, 28, 26, 4, 25, 0, 27, 1, 0, 40, 13, 0, 31, 30, 20, 32, 0, 14, 16, 37, 17, 0, 5, 6, 0, 18, 10, 0, 42, 15, 43, 0, 2, 21, 22, 0, 36, 47, 7, 8, 46, 48, 0, 33, 9, 34, 35, 0, 12, 3, 24, 0, 45, 44, 38, 0, 29, 50, 0, 39, 23, 41, 0, 11, 19, 49, 0]"
65,1202.7358581587139,16,58.35544776916504,1255.214068971221,1202.7358581587139,"[0, 18, 10, 32, 0, 27, 1, 0, 14, 16, 37, 17, 0, 28, 26, 4, 25, 0, 31, 30, 20, 0, 42, 15, 43, 13, 0, 40, 0, 5, 6, 0, 2, 21, 22, 0, 12, 3, 24, 0, 29, 50, 0, 36, 47, 7, 8, 46, 48, 0, 39, 23, 41, 0, 33, 9, 34, 35, 0, 45, 44, 38, 0, 11, 19, 49, 0]"
66,1202.7358581587139,16,59.210267782211304,1252.6480176895886,1208.0674095349227,"[0, 18, 10, 32, 0, 27, 1, 0, 14, 16, 37, 17, 0, 28, 26, 4, 25, 0, 31, 30, 20, 0, 42, 15, 43, 13, 0, 40, 0, 5, 6, 0, 2, 21, 22, 0, 12, 3, 24, 0, 29, 50, 0, 36, 47, 7, 8, 46, 48, 0, 39, 23, 41, 0, 33, 9, 34, 35, 0, 45, 44, 38, 0, 11, 19, 49, 0]"
67,1200.031937873526,16,60.08772921562195,1259.999986460036,1200.031937873526,"[0, 42, 15, 43, 13, 0, 18, 10, 32, 0, 27, 1, 0, 11, 19, 49, 48, 0, 28, 26, 4, 25, 0, 12, 3, 24, 0, 14, 16, 37, 17, 0, 40, 0, 31, 30, 20, 0, 33, 9, 34, 35, 0, 36, 47, 7, 8, 46, 0, 2, 21, 22, 0, 5, 6, 0, 45, 44, 38, 0, 39, 23, 41, 0, 29, 50, 0]"
68,1200.031937873526,16,60.88228249549866,1255.1119805023359,1218.8542046455993,"[0, 42, 15, 43, 13, 0, 18, 10, 32, 0, 27, 1, 0, 11, 19, 49, 48, 0, 28, 26, 4, 25, 0, 12, 3, 24, 0, 14, 16, 37, 17, 0, 40, 0, 31, 30, 20, 0, 33, 9, 34, 35, 0, 36, 47, 7, 8, 46, 0, 2, 21, 22, 0, 5, 6, 0, 45, 44, 38, 0, 39, 23, 41, 0, 29, 50, 0]"
69,1193.197024480381,16,61.67609882354736,1257.204494495561,1193.197024480381,"[0, 27, 1, 0, 12, 3, 24, 25, 0, 45, 44, 38, 43, 13, 0, 31, 30, 20, 32, 0, 14, 16, 37, 17, 0, 18, 10, 0, 2, 21, 22, 0, 5, 6, 0, 33, 9, 34, 35, 0, 28, 26, 4, 0, 11, 19, 49, 48, 0, 42, 15, 0, 29, 50, 0, 40, 0, 39, 23, 41, 0, 36, 47, 7, 8, 46, 0]"
70,1193.197024480381,16,62.48144221305847,1253.4481160514574,1206.991760930817,"[0, 27, 1, 0, 12, 3, 24, 25, 0, 45, 44, 38, 43, 13, 0, 31, 30, 20, 32, 0, 14, 16, 37, 17, 0, 18, 10, 0, 2, 21, 22, 0, 5, 6, 0, 33, 9, 34, 35, 0, 28, 26, 4, 0, 11, 19, 49, 48, 0, 42, 15, 0, 29, 50, 0, 40, 0, 39, 23, 41, 0, 36, 47, 7, 8, 46, 0]"
71,1193.197024480381,16,63.36821007728577,1259.7959808035025,1195.9062591533013,"[0, 27, 1, 0, 12, 3, 24, 25, 0, 45, 44, 38, 43, 13, 0, 31, 30, 20, 32, 0, 14, 16, 37, 17, 0, 18, 10, 0, 2, 21, 22, 0, 5, 6, 0, 33, 9, 34, 35, 0, 28, 26, 4, 0, 11, 19, 49, 48, 0, 42, 15, 0, 29, 50, 0, 40, 0, 39, 23, 41, 0, 36, 47, 7, 8, 46, 0]"
72,1193.197024480381,16,64.23829793930054,1254.5141376784452,1222.6590422408246,"[0, 27, 1, 0, 12, 3, 24, 25, 0, 45, 44, 38, 43, 13, 0, 31, 30, 20, 32, 0, 14, 16, 37, 17, 0, 18, 10, 0, 2, 21, 22, 0, 5, 6, 0, 33, 9, 34, 35, 0, 28, 26, 4, 0, 11, 19, 49, 48, 0, 42, 15, 0, 29, 50, 0, 40, 0, 39, 23, 41, 0, 36, 47, 7, 8, 46, 0]"
73,1193.197024480381,16,65.05082583427429,1252.4406021003952,1209.940820206067,"[0, 27, 1, 0, 12, 3, 24, 25, 0, 45, 44, 38, 43, 13, 0, 31, 30, 20, 32, 0, 14, 16, 37, 17, 0, 18, 10, 0, 2, 21, 22, 0, 5, 6, 0, 33, 9, 34, 35, 0, 28, 26, 4, 0, 11, 19, 49, 48, 0, 42, 15, 0, 29, 50, 0, 40, 0, 39, 23, 41, 0, 36, 47, 7, 8, 46, 0]"
74,1193.197024480381,16,65.93399620056152,1254.6586587288489,1223.4426001198556,"[0, 27, 1, 0, 12, 3, 24, 25, 0, 45, 44, 38, 43, 13, 0, 31, 30, 20, 32, 0, 14, 16, 37, 17, 0, 18, 10, 0, 2, 21, 22, 0, 5, 6, 0, 33, 9, 34, 35, 0, 28, 26, 4, 0, 11, 19, 49, 48, 0, 42, 15, 0, 29, 50, 0, 40, 0, 39, 23, 41, 0, 36, 47, 7, 8, 46, 0]"
75,1193.197024480381,16,66.76651120185852,1253.3391911196231,1221.6567118713738,"[0, 27, 1, 0, 12, 3, 24, 25, 0, 45, 44, 38, 43, 13, 0, 31, 30, 20, 32, 0, 14, 16, 37, 17, 0, 18, 10, 0, 2, 21, 22, 0, 5, 6, 0, 33, 9, 34, 35, 0, 28, 26, 4, 0, 11, 19, 49, 48, 0, 42, 15, 0, 29, 50, 0, 40, 0, 39, 23, 41, 0, 36, 47, 7, 8, 46, 0]"
76,1193.197024480381,16,67.59954833984375,1263.6570276693133,1229.0955796802934,"[0, 27, 1, 0, 12, 3, 24, 25, 0, 45, 44, 38, 43, 13, 0, 31, 30, 20, 32, 0, 14, 16, 37, 17, 0, 18, 10, 0, 2, 21, 22, 0, 5, 6, 0, 33, 9, 34, 35, 0, 28, 26, 4, 0, 11, 19, 49, 48, 0, 42, 15, 0, 29, 50, 0, 40, 0, 39, 23, 41, 0, 36, 47, 7, 8, 46, 0]"
77,1193.197024480381,16,68.32948613166809,1255.6915806918992,1224.6057711466237,"[0, 27, 1, 0, 12, 3, 24, 25, 0, 45, 44, 38, 43, 13, 0, 31, 30, 20, 32, 0, 14, 16, 37, 17, 0, 18, 10, 0, 2, 21, 22, 0, 5, 6, 0, 33, 9, 34, 35, 0, 28, 26, 4, 0, 11, 19, 49, 48, 0, 42, 15, 0, 29, 50, 0, 40, 0, 39, 23, 41, 0, 36, 47, 7, 8, 46, 0]"
78,1193.197024480381,16,69.11512923240662,1259.0938676158567,1218.0311031732947,"[0, 27, 1, 0, 12, 3, 24, 25, 0, 45, 44, 38, 43, 13, 0, 31, 30, 20, 32, 0, 14, 16, 37, 17, 0, 18, 10, 0, 2, 21, 22, 0, 5, 6, 0, 33, 9, 34, 35, 0, 28, 26, 4, 0, 11, 19, 49, 48, 0, 42, 15, 0, 29, 50, 0, 40, 0, 39, 23, 41, 0, 36, 47, 7, 8, 46, 0]"
79,1193.197024480381,16,69.8374400138855,1249.1462233690368,1206.9917609308168,"[0, 27, 1, 0, 12, 3, 24, 25, 0, 45, 44, 38, 43, 13, 0, 31, 30, 20, 32, 0, 14, 16, 37, 17, 0, 18, 10, 0, 2, 21, 22, 0, 5, 6, 0, 33, 9, 34, 35, 0, 28, 26, 4, 0, 11, 19, 49, 48, 0, 42, 15, 0, 29, 50, 0, 40, 0, 39, 23, 41, 0, 36, 47, 7, 8, 46, 0]"
80,1193.197024480381,16,70.67251443862915,1252.7754521332201,1210.2258430863528,"[0, 27, 1, 0, 12, 3, 24, 25, 0, 45, 44, 38, 43, 13, 0, 31, 30, 20, 32, 0, 14, 16, 37, 17, 0, 18, 10, 0, 2, 21, 22, 0, 5, 6, 0, 33, 9, 34, 35, 0, 28, 26, 4, 0, 11, 19, 49, 48, 0, 42, 15, 0, 29, 50, 0, 40, 0, 39, 23, 41, 0, 36, 47, 7, 8, 46, 0]"
81,1193.197024480381,16,71.48905181884766,1250.065353955828,1202.7358581587137,"[0, 27, 1, 0, 12, 3, 24, 25, 0, 45, 44, 38, 43, 13, 0, 31, 30, 20, 32, 0, 14, 16, 37, 17, 0, 18, 10, 0, 2, 21, 22, 0, 5, 6, 0, 33, 9, 34, 35, 0, 28, 26, 4, 0, 11, 19, 49, 48, 0, 42, 15, 0, 29, 50, 0, 40, 0, 39, 23, 41, 0, 36, 47, 7, 8, 46, 0]"
82,1193.197024480381,16,72.29951572418213,1253.0393666934453,1209.2016403069397,"[0, 27, 1, 0, 12, 3, 24, 25, 0, 45, 44, 38, 43, 13, 0, 31, 30, 20, 32, 0, 14, 16, 37, 17, 0, 18, 10, 0, 2, 21, 22, 0, 5, 6, 0, 33, 9, 34, 35, 0, 28, 26, 4, 0, 11, 19, 49, 48, 0, 42, 15, 0, 29, 50, 0, 40, 0, 39, 23, 41, 0, 36, 47, 7, 8, 46, 0]"
83,1193.197024480381,16,73.11502981185913,1244.9538946273426,1215.7537966830243,"[0, 27, 1, 0, 12, 3, 24, 25, 0, 45, 44, 38, 43, 13, 0, 31, 30, 20, 32, 0, 14, 16, 37, 17, 0, 18, 10, 0, 2, 21, 22, 0, 5, 6, 0, 33, 9, 34, 35, 0, 28, 26, 4, 0, 11, 19, 49, 48, 0, 42, 15, 0, 29, 50, 0, 40, 0, 39, 23, 41, 0, 36, 47, 7, 8, 46, 0]"
84,1193.197024480381,16,73.8808844089508,1242.0321505302327,1220.1347254188934,"[0, 27, 1, 0, 12, 3, 24, 25, 0, 45, 44, 38, 43, 13, 0, 31, 30, 20, 32, 0, 14, 16, 37, 17, 0, 18, 10, 0, 2, 21, 22, 0, 5, 6, 0, 33, 9, 34, 35, 0, 28, 26, 4, 0, 11, 19, 49, 48, 0, 42, 15, 0, 29, 50, 0, 40, 0, 39, 23, 41, 0, 36, 47, 7, 8, 46, 0]"
85,1193.197024480381,16,74.72368097305298,1259.480147216773,1213.5337177873153,"[0, 27, 1, 0, 12, 3, 24, 25, 0, 45, 44, 38, 43, 13, 0, 31, 30, 20, 32, 0, 14, 16, 37, 17, 0, 18, 10, 0, 2, 21, 22, 0, 5, 6, 0, 33, 9, 34, 35, 0, 28, 26, 4, 0, 11, 19, 49, 48, 0, 42, 15, 0, 29, 50, 0, 40, 0, 39, 23, 41, 0, 36, 47, 7, 8, 46, 0]"
86,1193.197024480381,16,75.50917601585388,1258.9216751035917,1204.2878406456293,"[0, 27, 1, 0, 12, 3, 24, 25, 0, 45, 44, 38, 43, 13, 0, 31, 30, 20, 32, 0, 14, 16, 37, 17, 0, 18, 10, 0, 2, 21, 22, 0, 5, 6, 0, 33, 9, 34, 35, 0, 28, 26, 4, 0, 11, 19, 49, 48, 0, 42, 15, 0, 29, 50, 0, 40, 0, 39, 23, 41, 0, 36, 47, 7, 8, 46, 0]"
87,1193.197024480381,16,76.33024501800537,1253.5053897584146,1226.1465204050437,"[0, 27, 1, 0, 12, 3, 24, 25, 0, 45, 44, 38, 43, 13, 0, 31, 30, 20, 32, 0, 14, 16, 37, 17, 0, 18, 10, 0, 2, 21, 22, 0, 5, 6, 0, 33, 9, 34, 35, 0, 28, 26, 4, 0, 11, 19, 49, 48, 0, 42, 15, 0, 29, 50, 0, 40, 0, 39, 23, 41, 0, 36, 47, 7, 8, 46, 0]"
88,1193.197024480381,16,77.11945247650146,1248.0990174348883,1207.7601855387009,"[0, 27, 1, 0, 12, 3, 24, 25, 0, 45, 44, 38, 43, 13, 0, 31, 30, 20, 32, 0, 14, 16, 37, 17, 0, 18, 10, 0, 2, 21, 22, 0, 5, 6, 0, 33, 9, 34, 35, 0, 28, 26, 4, 0, 11, 19, 49, 48, 0, 42, 15, 0, 29, 50, 0, 40, 0, 39, 23, 41, 0, 36, 47, 7, 8, 46, 0]"
89,1193.197024480381,16,77.8684868812561,1254.3231247007639,1212.6447404912544,"[0, 27, 1, 0, 12, 3, 24, 25, 0, 45, 44, 38, 43, 13, 0, 31, 30, 20, 32, 0, 14, 16, 37, 17, 0, 18, 10, 0, 2, 21, 22, 0, 5, 6, 0, 33, 9, 34, 35, 0, 28, 26, 4, 0, 11, 19, 49, 48, 0, 42, 15, 0, 29, 50, 0, 40, 0, 39, 23, 41, 0, 36, 47, 7, 8, 46, 0]"
90,1193.197024480381,16,78.6441662311554,1244.6105482342016,1202.1842184000302,"[0, 27, 1, 0, 12, 3, 24, 25, 0, 45, 44, 38, 43, 13, 0, 31, 30, 20, 32, 0, 14, 16, 37, 17, 0, 18, 10, 0, 2, 21, 22, 0, 5, 6, 0, 33, 9, 34, 35, 0, 28, 26, 4, 0, 11, 19, 49, 48, 0, 42, 15, 0, 29, 50, 0, 40, 0, 39, 23, 41, 0, 36, 47, 7, 8, 46, 0]"
91,1193.197024480381,16,79.44239020347595,1246.2216690192595,1218.582742931978,"[0, 27, 1, 0, 12, 3, 24, 25, 0, 45, 44, 38, 43, 13, 0, 31, 30, 20, 32, 0, 14, 16, 37, 17, 0, 18, 10, 0, 2, 21, 22, 0, 5, 6, 0, 33, 9, 34, 35, 0, 28, 26, 4, 0, 11, 19, 49, 48, 0, 42, 15, 0, 29, 50, 0, 40, 0, 39, 23, 41, 0, 36, 47, 7, 8, 46, 0]"
92,1193.197024480381,16,80.2160861492157,1235.2322725421323,1204.2878406456289,"[0, 27, 1, 0, 12, 3, 24, 25, 0, 45, 44, 38, 43, 13, 0, 31, 30, 20, 32, 0, 14, 16, 37, 17, 0, 18, 10, 0, 2, 21, 22, 0, 5, 6, 0, 33, 9, 34, 35, 0, 28, 26, 4, 0, 11, 19, 49, 48, 0, 42, 15, 0, 29, 50, 0, 40, 0, 39, 23, 41, 0, 36, 47, 7, 8, 46, 0]"
93,1193.197024480381,16,80.98162388801575,1247.482075996576,1212.9297633715398,"[0, 27, 1, 0, 12, 3, 24, 25, 0, 45, 44, 38, 43, 13, 0, 31, 30, 20, 32, 0, 14, 16, 37, 17, 0, 18, 10, 0, 2, 21, 22, 0, 5, 6, 0, 33, 9, 34, 35, 0, 28, 26, 4, 0, 11, 19, 49, 48, 0, 42, 15, 0, 29, 50, 0, 40, 0, 39, 23, 41, 0, 36, 47, 7, 8, 46, 0]"
94,1193.197024480381,16,81.91365218162537,1246.0515451522297,1222.838645704081,"[0, 27, 1, 0, 12, 3, 24, 25, 0, 45, 44, 38, 43, 13, 0, 31, 30, 20, 32, 0, 14, 16, 37, 17, 0, 18, 10, 0, 2, 21, 22, 0, 5, 6, 0, 33, 9, 34, 35, 0, 28, 26, 4, 0, 11, 19, 49, 48, 0, 42, 15, 0, 29, 50, 0, 40, 0, 39, 23, 41, 0, 36, 47, 7, 8, 46, 0]"
95,1193.197024480381,16,82.81354117393494,1239.2383032506464,1199.23515912478,"[0, 27, 1, 0, 12, 3, 24, 25, 0, 45, 44, 38, 43, 13, 0, 31, 30, 20, 32, 0, 14, 16, 37, 17, 0, 18, 10, 0, 2, 21, 22, 0, 5, 6, 0, 33, 9, 34, 35, 0, 28, 26, 4, 0, 11, 19, 49, 48, 0, 42, 15, 0, 29, 50, 0, 40, 0, 39, 23, 41, 0, 36, 47, 7, 8, 46, 0]"
96,1193.197024480381,16,83.56886219978333,1243.279347112999,1204.287840645629,"[0, 27, 1, 0, 12, 3, 24, 25, 0, 45, 44, 38, 43, 13, 0, 31, 30, 20, 32, 0, 14, 16, 37, 17, 0, 18, 10, 0, 2, 21, 22, 0, 5, 6, 0, 33, 9, 34, 35, 0, 28, 26, 4, 0, 11, 19, 49, 48, 0, 42, 15, 0, 29, 50, 0, 40, 0, 39, 23, 41, 0, 36, 47, 7, 8, 46, 0]"
97,1193.197024480381,16,84.38406443595886,1236.269191643653,1201.2347119811136,"[0, 27, 1, 0, 12, 3, 24, 25, 0, 45, 44, 38, 43, 13, 0, 31, 30, 20, 32, 0, 14, 16, 37, 17, 0, 18, 10, 0, 2, 21, 22, 0, 5, 6, 0, 33, 9, 34, 35, 0, 28, 26, 4, 0, 11, 19, 49, 48, 0, 42, 15, 0, 29, 50, 0, 40, 0, 39, 23, 41, 0, 36, 47, 7, 8, 46, 0]"
98,1193.197024480381,16,85.19704341888428,1250.2203502361035,1205.8098270981095,"[0, 27, 1, 0, 12, 3, 24, 25, 0, 45, 44, 38, 43, 13, 0, 31, 30, 20, 32, 0, 14, 16, 37, 17, 0, 18, 10, 0, 2, 21, 22, 0, 5, 6, 0, 33, 9, 34, 35, 0, 28, 26, 4, 0, 11, 19, 49, 48, 0, 42, 15, 0, 29, 50, 0, 40, 0, 39, 23, 41, 0, 36, 47, 7, 8, 46, 0]"
99,1193.197024480381,16,86.04547905921936,1243.100663362072,1207.4109771593737,"[0, 27, 1, 0, 12, 3, 24, 25, 0, 45, 44, 38, 43, 13, 0, 31, 30, 20, 32, 0, 14, 16, 37, 17, 0, 18, 10, 0, 2, 21, 22, 0, 5, 6, 0, 33, 9, 34, 35, 0, 28, 26, 4, 0, 11, 19, 49, 48, 0, 42, 15, 0, 29, 50, 0, 40, 0, 39, 23, 41, 0, 36, 47, 7, 8, 46, 0]"
100,1193.197024480381,16,87.15085339546204,1238.4981765768578,1207.760185538701,"[0, 27, 1, 0, 12, 3, 24, 25, 0, 45, 44, 38, 43, 13, 0, 31, 30, 20, 32, 0, 14, 16, 37, 17, 0, 18, 10, 0, 2, 21, 22, 0, 5, 6, 0, 33, 9, 34, 35, 0, 28, 26, 4, 0, 11, 19, 49, 48, 0, 42, 15, 0, 29, 50, 0, 40, 0, 39, 23, 41, 0, 36, 47, 7, 8, 46, 0]"
101,1193.197024480381,16,87.96628189086914,1254.1877829886953,1213.545254301742,"[0, 27, 1, 0, 12, 3, 24, 25, 0, 45, 44, 38, 43, 13, 0, 31, 30, 20, 32, 0, 14, 16, 37, 17, 0, 18, 10, 0, 2, 21, 22, 0, 5, 6, 0, 33, 9, 34, 35, 0, 28, 26, 4, 0, 11, 19, 49, 48, 0, 42, 15, 0, 29, 50, 0, 40, 0, 39, 23, 41, 0, 36, 47, 7, 8, 46, 0]"
102,1193.197024480381,16,88.8600504398346,1247.04155012008,1204.2878406456293,"[0, 27, 1, 0, 12, 3, 24, 25, 0, 45, 44, 38, 43, 13, 0, 31, 30, 20, 32, 0, 14, 16, 37, 17, 0, 18, 10, 0, 2, 21, 22, 0, 5, 6, 0, 33, 9, 34, 35, 0, 28, 26, 4, 0, 11, 19, 49, 48, 0, 42, 15, 0, 29, 50, 0, 40, 0, 39, 23, 41, 0, 36, 47, 7, 8, 46, 0]"
103,1193.197024480381,16,89.75313448905945,1241.5013514583025,1202.7358581587139,"[0, 27, 1, 0, 12, 3, 24, 25, 0, 45, 44, 38, 43, 13, 0, 31, 30, 20, 32, 0, 14, 16, 37, 17, 0, 18, 10, 0, 2, 21, 22, 0, 5, 6, 0, 33, 9, 34, 35, 0, 28, 26, 4, 0, 11, 19, 49, 48, 0, 42, 15, 0, 29, 50, 0, 40, 0, 39, 23, 41, 0, 36, 47, 7, 8, 46, 0]"
104,1193.197024480381,16,90.73687100410461,1242.8408329620988,1206.9917609308166,"[0, 27, 1, 0, 12, 3, 24, 25, 0, 45, 44, 38, 43, 13, 0, 31, 30, 20, 32, 0, 14, 16, 37, 17, 0, 18, 10, 0, 2, 21, 22, 0, 5, 6, 0, 33, 9, 34, 35, 0, 28, 26, 4, 0, 11, 19, 49, 48, 0, 42, 15, 0, 29, 50, 0, 40, 0, 39, 23, 41, 0, 36, 47, 7, 8, 46, 0]"
105,1193.197024480381,16,91.89520215988159,1242.9098554742352,1209.9408202060667,"[0, 27, 1, 0, 12, 3, 24, 25, 0, 45, 44, 38, 43, 13, 0, 31, 30, 20, 32, 0, 14, 16, 37, 17, 0, 18, 10, 0, 2, 21, 22, 0, 5, 6, 0, 33, 9, 34, 35, 0, 28, 26, 4, 0, 11, 19, 49, 48, 0, 42, 15, 0, 29, 50, 0, 40, 0, 39, 23, 41, 0, 36, 47, 7, 8, 46, 0]"
106,1193.197024480381,16,93.17783164978027,1239.0077461954836,1202.7358581587143,"[0, 27, 1, 0, 12, 3, 24, 25, 0, 45, 44, 38, 43, 13, 0, 31, 30, 20, 32, 0, 14, 16, 37, 17, 0, 18, 10, 0, 2, 21, 22, 0, 5, 6, 0, 33, 9, 34, 35, 0, 28, 26, 4, 0, 11, 19, 49, 48, 0, 42, 15, 0, 29, 50, 0, 40, 0, 39, 23, 41, 0, 36, 47, 7, 8, 46, 0]"
107,1193.197024480381,16,94.17172694206238,1234.5966202524655,1204.2878406456293,"[0, 27, 1, 0, 12, 3, 24, 25, 0, 45, 44, 38, 43, 13, 0, 31, 30, 20, 32, 0, 14, 16, 37, 17, 0, 18, 10, 0, 2, 21, 22, 0, 5, 6, 0, 33, 9, 34, 35, 0, 28, 26, 4, 0, 11, 19, 49, 48, 0, 42, 15, 0, 29, 50, 0, 40, 0, 39, 23, 41, 0, 36, 47, 7, 8, 46, 0]"
108,1193.197024480381,16,95.14992213249207,1244.4338517630877,1201.3589084574949,"[0, 27, 1, 0, 12, 3, 24, 25, 0, 45, 44, 38, 43, 13, 0, 31, 30, 20, 32, 0, 14, 16, 37, 17, 0, 18, 10, 0, 2, 21, 22, 0, 5, 6, 0, 33, 9, 34, 35, 0, 28, 26, 4, 0, 11, 19, 49, 48, 0, 42, 15, 0, 29, 50, 0, 40, 0, 39, 23, 41, 0, 36, 47, 7, 8, 46, 0]"
109,1193.197024480381,16,95.98486971855164,1230.140360650201,1194.3789583130886,"[0, 27, 1, 0, 12, 3, 24, 25, 0, 45, 44, 38, 43, 13, 0, 31, 30, 20, 32, 0, 14, 16, 37, 17, 0, 18, 10, 0, 2, 21, 22, 0, 5, 6, 0, 33, 9, 34, 35, 0, 28, 26, 4, 0, 11, 19, 49, 48, 0, 42, 15, 0, 29, 50, 0, 40, 0, 39, 23, 41, 0, 36, 47, 7, 8, 46, 0]"
110,1193.197024480381,16,96.78289484977722,1241.0342547280197,1204.979166622346,"[0, 27, 1, 0, 12, 3, 24, 25, 0, 45, 44, 38, 43, 13, 0, 31, 30, 20, 32, 0, 14, 16, 37, 17, 0, 18, 10, 0, 2, 21, 22, 0, 5, 6, 0, 33, 9, 34, 35, 0, 28, 26, 4, 0, 11, 19, 49, 48, 0, 42, 15, 0, 29, 50, 0, 40, 0, 39, 23, 41, 0, 36, 47, 7, 8, 46, 0]"
111,1193.197024480381,16,97.65303874015808,1240.2743485523167,1198.8500040408187,"[0, 27, 1, 0, 12, 3, 24, 25, 0, 45, 44, 38, 43, 13, 0, 31, 30, 20, 32, 0, 14, 16, 37, 17, 0, 18, 10, 0, 2, 21, 22, 0, 5, 6, 0, 33, 9, 34, 35, 0, 28, 26, 4, 0, 11, 19, 49, 48, 0, 42, 15, 0, 29, 50, 0, 40, 0, 39, 23, 41, 0, 36, 47, 7, 8, 46, 0]"
112,1191.2462767826437,16,98.4599928855896,1241.4743905934388,1191.2462767826437,"[0, 14, 16, 37, 17, 0, 27, 1, 0, 40, 13, 0, 12, 3, 24, 25, 0, 36, 47, 7, 8, 46, 48, 0, 2, 21, 22, 4, 0, 28, 26, 0, 31, 30, 20, 32, 0, 29, 50, 0, 18, 10, 0, 42, 15, 43, 0, 33, 9, 34, 35, 0, 11, 19, 49, 0, 45, 44, 38, 0, 39, 23, 41, 0, 5, 6, 0]"
113,1191.2462767826437,16,99.23491787910461,1238.520711081032,1194.1953360578932,"[0, 14, 16, 37, 17, 0, 27, 1, 0, 40, 13, 0, 12, 3, 24, 25, 0, 36, 47, 7, 8, 46, 48, 0, 2, 21, 22, 4, 0, 28, 26, 0, 31, 30, 20, 32, 0, 29, 50, 0, 18, 10, 0, 42, 15, 43, 0, 33, 9, 34, 35, 0, 11, 19, 49, 0, 45, 44, 38, 0, 39, 23, 41, 0, 5, 6, 0]"
114,1188.5423564974558,16,100.05641222000122,1230.763984754412,1188.5423564974558,"[0, 2, 21, 22, 4, 25, 0, 27, 1, 0, 29, 50, 0, 28, 26, 0, 14, 16, 37, 17, 0, 33, 9, 34, 35, 0, 40, 13, 0, 42, 15, 43, 0, 12, 3, 24, 0, 31, 30, 20, 32, 0, 39, 23, 41, 0, 18, 10, 0, 5, 6, 0, 45, 44, 38, 0, 11, 19, 49, 48, 0, 36, 47, 7, 8, 46, 0]"
115,1188.5423564974558,16,100.88654232025146,1243.0740398607413,1188.5423564974558,"[0, 2, 21, 22, 4, 25, 0, 27, 1, 0, 29, 50, 0, 28, 26, 0, 14, 16, 37, 17, 0, 33, 9, 34, 35, 0, 40, 13, 0, 42, 15, 43, 0, 12, 3, 24, 0, 31, 30, 20, 32, 0, 39, 23, 41, 0, 18, 10, 0, 5, 6, 0, 45, 44, 38, 0, 11, 19, 49, 48, 0, 36, 47, 7, 8, 46, 0]"
116,1188.5423564974558,16,101.71539258956909,1239.538355504278,1203.1059068129218,"[0, 2, 21, 22, 4, 25, 0, 27, 1, 0, 29, 50, 0, 28, 26, 0, 14, 16, 37, 17, 0, 33, 9, 34, 35, 0, 40, 13, 0, 42, 15, 43, 0, 12, 3, 24, 0, 31, 30, 20, 32, 0, 39, 23, 41, 0, 18, 10, 0, 5, 6, 0, 45, 44, 38, 0, 11, 19, 49, 48, 0, 36, 47, 7, 8, 46, 0]"
117,1188.5423564974558,16,102.7405354976654,1243.4625634809115,1194.1953360578937,"[0, 2, 21, 22, 4, 25, 0, 27, 1, 0, 29, 50, 0, 28, 26, 0, 14, 16, 37, 17, 0, 33, 9, 34, 35, 0, 40, 13, 0, 42, 15, 43, 0, 12, 3, 24, 0, 31, 30, 20, 32, 0, 39, 23, 41, 0, 18, 10, 0, 5, 6, 0, 45, 44, 38, 0, 11, 19, 49, 48, 0, 36, 47, 7, 8, 46, 0]"
118,1188.5423564974558,16,103.61414694786072,1232.6537632280006,1206.991760930817,"[0, 2, 21, 22, 4, 25, 0, 27, 1, 0, 29, 50, 0, 28, 26, 0, 14, 16, 37, 17, 0, 33, 9, 34, 35, 0, 40, 13, 0, 42, 15, 43, 0, 12, 3, 24, 0, 31, 30, 20, 32, 0, 39, 23, 41, 0, 18, 10, 0, 5, 6, 0, 45, 44, 38, 0, 11, 19, 49, 48, 0, 36, 47, 7, 8, 46, 0]"
119,1188.5423564974558,16,104.42735290527344,1240.9501827637162,1204.6244660575244,"[0, 2, 21, 22, 4, 25, 0, 27, 1, 0, 29, 50, 0, 28, 26, 0, 14, 16, 37, 17, 0, 33, 9, 34, 35, 0, 40, 13, 0, 42, 15, 43, 0, 12, 3, 24, 0, 31, 30, 20, 32, 0, 39, 23, 41, 0, 18, 10, 0, 5, 6, 0, 45, 44, 38, 0, 11, 19, 49, 48, 0, 36, 47, 7, 8, 46, 0]"
120,1188.5423564974558,16,105.22025942802429,1232.2215644600756,1195.7173225103736,"[0, 2, 21, 22, 4, 25, 0, 27, 1, 0, 29, 50, 0, 28, 26, 0, 14, 16, 37, 17, 0, 33, 9, 34, 35, 0, 40, 13, 0, 42, 15, 43, 0, 12, 3, 24, 0, 31, 30, 20, 32, 0, 39, 23, 41, 0, 18, 10, 0, 5, 6, 0, 45, 44, 38, 0, 11, 19, 49, 48, 0, 36, 47, 7, 8, 46, 0]"
121,1188.5423564974558,16,106.04095983505249,1249.7670192679075,1206.1451334847673,"[0, 2, 21, 22, 4, 25, 0, 27, 1, 0, 29, 50, 0, 28, 26, 0, 14, 16, 37, 17, 0, 33, 9, 34, 35, 0, 40, 13, 0, 42, 15, 43, 0, 12, 3, 24, 0, 31, 30, 20, 32, 0, 39, 23, 41, 0, 18, 10, 0, 5, 6, 0, 45, 44, 38, 0, 11, 19, 49, 48, 0, 36, 47, 7, 8, 46, 0]"
122,1188.5423564974558,16,106.80140423774719,1238.4392339793212,1194.1953360578932,"[0, 2, 21, 22, 4, 25, 0, 27, 1, 0, 29, 50, 0, 28, 26, 0, 14, 16, 37, 17, 0, 33, 9, 34, 35, 0, 40, 13, 0, 42, 15, 43, 0, 12, 3, 24, 0, 31, 30, 20, 32, 0, 39, 23, 41, 0, 18, 10, 0, 5, 6, 0, 45, 44, 38, 0, 11, 19, 49, 48, 0, 36, 47, 7, 8, 46, 0]"
123,1188.5423564974558,16,107.60920000076294,1244.3514072468038,1201.729709246759,"[0, 2, 21, 22, 4, 25, 0, 27, 1, 0, 29, 50, 0, 28, 26, 0, 14, 16, 37, 17, 0, 33, 9, 34, 35, 0, 40, 13, 0, 42, 15, 43, 0, 12, 3, 24, 0, 31, 30, 20, 32, 0, 39, 23, 41, 0, 18, 10, 0, 5, 6, 0, 45, 44, 38, 0, 11, 19, 49, 48, 0, 36, 47, 7, 8, 46, 0]"
124,1188.5423564974558,16,108.33940768241882,1230.4991487089735,1192.0147013905278,"[0, 2, 21, 22, 4, 25, 0, 27, 1, 0, 29, 50, 0, 28, 26, 0, 14, 16, 37, 17, 0, 33, 9, 34, 35, 0, 40, 13, 0, 42, 15, 43, 0, 12, 3, 24, 0, 31, 30, 20, 32, 0, 39, 23, 41, 0, 18, 10, 0, 5, 6, 0, 45, 44, 38, 0, 11, 19, 49, 48, 0, 36, 47, 7, 8, 46, 0]"
125,1188.5423564974558,16,109.15343737602234,1244.2821979778664,1205.6187072408738,"[0, 2, 21, 22, 4, 25, 0, 27, 1, 0, 29, 50, 0, 28, 26, 0, 14, 16, 37, 17, 0, 33, 9, 34, 35, 0, 40, 13, 0, 42, 15, 43, 0, 12, 3, 24, 0, 31, 30, 20, 32, 0, 39, 23, 41, 0, 18, 10, 0, 5, 6, 0, 45, 44, 38, 0, 11, 19, 49, 48, 0, 36, 47, 7, 8, 46, 0]"
126,1188.5423564974558,16,110.03448724746704,1242.2979722940167,1202.9456320055094,"[0, 2, 21, 22, 4, 25, 0, 27, 1, 0, 29, 50, 0, 28, 26, 0, 14, 16, 37, 17, 0, 33, 9, 34, 35, 0, 40, 13, 0, 42, 15, 43, 0, 12, 3, 24, 0, 31, 30, 20, 32, 0, 39, 23, 41, 0, 18, 10, 0, 5, 6, 0, 45, 44, 38, 0, 11, 19, 49, 48, 0, 36, 47, 7, 8, 46, 0]"
127,1167.8106591678777,15,110.91538214683533,1229.6521799415584,1167.8106591678777,"[0, 27, 1, 0, 2, 21, 22, 4, 25, 0, 28, 26, 0, 40, 13, 0, 14, 16, 37, 17, 0, 12, 3, 24, 0, 33, 9, 34, 35, 0, 31, 30, 20, 32, 0, 45, 44, 38, 43, 0, 39, 23, 41, 0, 42, 15, 6, 0, 5, 18, 10, 0, 11, 19, 49, 48, 0, 29, 50, 0, 36, 47, 7, 8, 46, 0]"
128,1167.8106591678777,15,111.72872114181519,1242.4176935506414,1205.0560076497536,"[0, 27, 1, 0, 2, 21, 22, 4, 25, 0, 28, 26, 0, 40, 13, 0, 14, 16, 37, 17, 0, 12, 3, 24, 0, 33, 9, 34, 35, 0, 31, 30, 20, 32, 0, 45, 44, 38, 43, 0, 39, 23, 41, 0, 42, 15, 6, 0, 5, 18, 10, 0, 11, 19, 49, 48, 0, 29, 50, 0, 36, 47, 7, 8, 46, 0]"
129,1167.8106591678777,15,112.51186656951904,1231.8234843889436,1202.2308077192895,"[0, 27, 1, 0, 2, 21, 22, 4, 25, 0, 28, 26, 0, 40, 13, 0, 14, 16, 37, 17, 0, 12, 3, 24, 0, 33, 9, 34, 35, 0, 31, 30, 20, 32, 0, 45, 44, 38, 43, 0, 39, 23, 41, 0, 42, 15, 6, 0, 5, 18, 10, 0, 11, 19, 49, 48, 0, 29, 50, 0, 36, 47, 7, 8, 46, 0]"
130,1167.8106591678777,15,113.28752946853638,1226.9263267158185,1178.633474164915,"[0, 27, 1, 0, 2, 21, 22, 4, 25, 0, 28, 26, 0, 40, 13, 0, 14, 16, 37, 17, 0, 12, 3, 24, 0, 33, 9, 34, 35, 0, 31, 30, 20, 32, 0, 45, 44, 38, 43, 0, 39, 23, 41, 0, 42, 15, 6, 0, 5, 18, 10, 0, 11, 19, 49, 48, 0, 29, 50, 0, 36, 47, 7, 8, 46, 0]"
131,1167.8106591678777,15,114.1392149925232,1234.666203278519,1212.6447404912547,"[0, 27, 1, 0, 2, 21, 22, 4, 25, 0, 28, 26, 0, 40, 13, 0, 14, 16, 37, 17, 0, 12, 3, 24, 0, 33, 9, 34, 35, 0, 31, 30, 20, 32, 0, 45, 44, 38, 43, 0, 39, 23, 41, 0, 42, 15, 6, 0, 5, 18, 10, 0, 11, 19, 49, 48, 0, 29, 50, 0, 36, 47, 7, 8, 46, 0]"
132,1167.8106591678777,15,114.92792081832886,1229.1692140311948,1189.2091228764893,"[0, 27, 1, 0, 2, 21, 22, 4, 25, 0, 28, 26, 0, 40, 13, 0, 14, 16, 37, 17, 0, 12, 3, 24, 0, 33, 9, 34, 35, 0, 31, 30, 20, 32, 0, 45, 44, 38, 43, 0, 39, 23, 41, 0, 42, 15, 6, 0, 5, 18, 10, 0, 11, 19, 49, 48, 0, 29, 50, 0, 36, 47, 7, 8, 46, 0]"
133,1167.8106591678777,15,115.77727937698364,1239.1187657955184,1179.3002405439486,"[0, 27, 1, 0, 2, 21, 22, 4, 25, 0, 28, 26, 0, 40, 13, 0, 14, 16, 37, 17, 0, 12, 3, 24, 0, 33, 9, 34, 35, 0, 31, 30, 20, 32, 0, 45, 44, 38, 43, 0, 39, 23, 41, 0, 42, 15, 6, 0, 5, 18, 10, 0, 11, 19, 49, 48, 0, 29, 50, 0, 36, 47, 7, 8, 46, 0]"
134,1167.8106591678777,15,116.54558873176575,1236.2202589620226,1199.4030280893157,"[0, 27, 1, 0, 2, 21, 22, 4, 25, 0, 28, 26, 0, 40, 13, 0, 14, 16, 37, 17, 0, 12, 3, 24, 0, 33, 9, 34, 35, 0, 31, 30, 20, 32, 0, 45, 44, 38, 43, 0, 39, 23, 41, 0, 42, 15, 6, 0, 5, 18, 10, 0, 11, 19, 49, 48, 0, 29, 50, 0, 36, 47, 7, 8, 46, 0]"
135,1163.3854090834634,15,117.49759817123413,1231.7937209685,1163.3854090834634,"[0, 36, 47, 7, 8, 46, 48, 0, 27, 1, 0, 42, 15, 43, 13, 0, 2, 21, 22, 4, 25, 0, 40, 26, 0, 28, 12, 3, 24, 0, 31, 30, 20, 32, 0, 33, 9, 34, 35, 0, 29, 50, 0, 14, 16, 37, 17, 0, 18, 10, 0, 5, 6, 0, 45, 44, 38, 0, 39, 23, 41, 0, 11, 19, 49, 0]"
136,1163.3854090834634,15,118.30587124824524,1233.0542193860906,1179.1308932316374,"[0, 36, 47, 7, 8, 46, 48, 0, 27, 1, 0, 42, 15, 43, 13, 0, 2, 21, 22, 4, 25, 0, 40, 26, 0, 28, 12, 3, 24, 0, 31, 30, 20, 32, 0, 33, 9, 34, 35, 0, 29, 50, 0, 14, 16, 37, 17, 0, 18, 10, 0, 5, 6, 0, 45, 44, 38, 0, 39, 23, 41, 0, 11, 19, 49, 0]"
137,1148.3010335070353,14,119.0890953540802,1230.528390024508,1148.3010335070353,"[0, 27, 1, 0, 28, 12, 3, 24, 25, 0, 31, 30, 20, 32, 0, 40, 13, 0, 2, 21, 22, 4, 0, 5, 18, 10, 0, 45, 44, 38, 43, 0, 33, 9, 34, 35, 0, 14, 16, 37, 17, 0, 11, 19, 49, 48, 0, 42, 15, 6, 0, 29, 50, 0, 39, 23, 41, 26, 0, 36, 47, 7, 8, 46, 0]"
138,1148.3010335070353,14,119.92365789413452,1231.72502221293,1170.8610652750374,"[0, 27, 1, 0, 28, 12, 3, 24, 25, 0, 31, 30, 20, 32, 0, 40, 13, 0, 2, 21, 22, 4, 0, 5, 18, 10, 0, 45, 44, 38, 43, 0, 33, 9, 34, 35, 0, 14, 16, 37, 17, 0, 11, 19, 49, 48, 0, 42, 15, 6, 0, 29, 50, 0, 39, 23, 41, 26, 0, 36, 47, 7, 8, 46, 0]"
139,1148.3010335070353,14,120.76758694648743,1210.4472780918134,1148.306691314324,"[0, 27, 1, 0, 28, 12, 3, 24, 25, 0, 31, 30, 20, 32, 0, 40, 13, 0, 2, 21, 22, 4, 0, 5, 18, 10, 0, 45, 44, 38, 43, 0, 33, 9, 34, 35, 0, 14, 16, 37, 17, 0, 11, 19, 49, 48, 0, 42, 15, 6, 0, 29, 50, 0, 39, 23, 41, 26, 0, 36, 47, 7, 8, 46, 0]"
140,1148.3010335070353,14,121.58754134178162,1225.386864298982,1190.8914105960268,"[0, 27, 1, 0, 28, 12, 3, 24, 25, 0, 31, 30, 20, 32, 0, 40, 13, 0, 2, 21, 22, 4, 0, 5, 18, 10, 0, 45, 44, 38, 43, 0, 33, 9, 34, 35, 0, 14, 16, 37, 17, 0, 11, 19, 49, 48, 0, 42, 15, 6, 0, 29, 50, 0, 39, 23, 41, 26, 0, 36, 47, 7, 8, 46, 0]"
141,1148.3010335070353,14,122.35747170448303,1211.6434101490331,1176.1675590135035,"[0, 27, 1, 0, 28, 12, 3, 24, 25, 0, 31, 30, 20, 32, 0, 40, 13, 0, 2, 21, 22, 4, 0, 5, 18, 10, 0, 45, 44, 38, 43, 0, 33, 9, 34, 35, 0, 14, 16, 37, 17, 0, 11, 19, 49, 48, 0, 42, 15, 6, 0, 29, 50, 0, 39, 23, 41, 26, 0, 36, 47, 7, 8, 46, 0]"
142,1148.3010335070353,14,123.0455117225647,1212.87025432622,1156.6579333526608,"[0, 27, 1, 0, 28, 12, 3, 24, 25, 0, 31, 30, 20, 32, 0, 40, 13, 0, 2, 21, 22, 4, 0, 5, 18, 10, 0, 45, 44, 38, 43, 0, 33, 9, 34, 35, 0, 14, 16, 37, 17, 0, 11, 19, 49, 48, 0, 42, 15, 6, 0, 29, 50, 0, 39, 23, 41, 26, 0, 36, 47, 7, 8, 46, 0]"
143,1139.949791468698,14,123.8263168334961,1205.85148280916,1139.949791468698,"[0, 28, 12, 3, 24, 25, 0, 27, 1, 0, 45, 44, 38, 43, 13, 0, 2, 21, 22, 4, 0, 31, 30, 20, 32, 0, 40, 26, 0, 29, 50, 0, 33, 9, 34, 35, 0, 14, 16, 37, 17, 0, 11, 19, 49, 48, 0, 5, 18, 10, 0, 42, 15, 6, 0, 36, 47, 7, 8, 46, 0, 39, 23, 41, 0]"
144,1139.949791468698,14,124.62905883789062,1189.220035767286,1151.004953792223,"[0, 28, 12, 3, 24, 25, 0, 27, 1, 0, 45, 44, 38, 43, 13, 0, 2, 21, 22, 4, 0, 31, 30, 20, 32, 0, 40, 26, 0, 29, 50, 0, 33, 9, 34, 35, 0, 14, 16, 37, 17, 0, 11, 19, 49, 48, 0, 5, 18, 10, 0, 42, 15, 6, 0, 36, 47, 7, 8, 46, 0, 39, 23, 41, 0]"
145,1139.949791468698,14,125.41096067428589,1209.777662567882,1161.808471228112,"[0, 28, 12, 3, 24, 25, 0, 27, 1, 0, 45, 44, 38, 43, 13, 0, 2, 21, 22, 4, 0, 31, 30, 20, 32, 0, 40, 26, 0, 29, 50, 0, 33, 9, 34, 35, 0, 14, 16, 37, 17, 0, 11, 19, 49, 48, 0, 5, 18, 10, 0, 42, 15, 6, 0, 36, 47, 7, 8, 46, 0, 39, 23, 41, 0]"
146,1139.949791468698,14,126.18308329582214,1190.5123926978204,1155.6952756168719,"[0, 28, 12, 3, 24, 25, 0, 27, 1, 0, 45, 44, 38, 43, 13, 0, 2, 21, 22, 4, 0, 31, 30, 20, 32, 0, 40, 26, 0, 29, 50, 0, 33, 9, 34, 35, 0, 14, 16, 37, 17, 0, 11, 19, 49, 48, 0, 5, 18, 10, 0, 42, 15, 6, 0, 36, 47, 7, 8, 46, 0, 39, 23, 41, 0]"
147,1139.949791468698,14,126.9384217262268,1189.684478662509,1148.3010335070353,"[0, 28, 12, 3, 24, 25, 0, 27, 1, 0, 45, 44, 38, 43, 13, 0, 2, 21, 22, 4, 0, 31, 30, 20, 32, 0, 40, 26, 0, 29, 50, 0, 33, 9, 34, 35, 0, 14, 16, 37, 17, 0, 11, 19, 49, 48, 0, 5, 18, 10, 0, 42, 15, 6, 0, 36, 47, 7, 8, 46, 0, 39, 23, 41, 0]"
148,1139.949791468698,14,127.66354417800903,1187.5336604569154,1146.7490510201199,"[0, 28, 12, 3, 24, 25, 0, 27, 1, 0, 45, 44, 38, 43, 13, 0, 2, 21, 22, 4, 0, 31, 30, 20, 32, 0, 40, 26, 0, 29, 50, 0, 33, 9, 34, 35, 0, 14, 16, 37, 17, 0, 11, 19, 49, 48, 0, 5, 18, 10, 0, 42, 15, 6, 0, 36, 47, 7, 8, 46, 0, 39, 23, 41, 0]"
149,1139.949791468698,14,128.48002243041992,1202.3444142431906,1158.3991959020595,"[0, 28, 12, 3, 24, 25, 0, 27, 1, 0, 45, 44, 38, 43, 13, 0, 2, 21, 22, 4, 0, 31, 30, 20, 32, 0, 40, 26, 0, 29, 50, 0, 33, 9, 34, 35, 0, 14, 16, 37, 17, 0, 11, 19, 49, 48, 0, 5, 18, 10, 0, 42, 15, 6, 0, 36, 47, 7, 8, 46, 0, 39, 23, 41, 0]"
150,1134.5759164220644,14,129.32032775878906,1209.0736981137345,1134.5759164220644,"[0, 28, 12, 3, 24, 25, 0, 27, 1, 0, 40, 26, 4, 0, 31, 30, 20, 32, 0, 2, 21, 22, 0, 11, 19, 49, 48, 0, 5, 18, 10, 0, 33, 9, 34, 35, 0, 29, 50, 0, 42, 15, 43, 13, 0, 36, 47, 7, 8, 46, 17, 0, 45, 44, 38, 37, 0, 39, 23, 41, 0, 14, 16, 6, 0]"
151,1134.5759164220644,14,130.22614860534668,1195.9995700037607,1151.3143977600173,"[0, 28, 12, 3, 24, 25, 0, 27, 1, 0, 40, 26, 4, 0, 31, 30, 20, 32, 0, 2, 21, 22, 0, 11, 19, 49, 48, 0, 5, 18, 10, 0, 33, 9, 34, 35, 0, 29, 50, 0, 42, 15, 43, 13, 0, 36, 47, 7, 8, 46, 17, 0, 45, 44, 38, 37, 0, 39, 23, 41, 0, 14, 16, 6, 0]"
152,1134.5759164220644,14,131.13980722427368,1194.4319555211737,1141.096071459682,"[0, 28, 12, 3, 24, 25, 0, 27, 1, 0, 40, 26, 4, 0, 31, 30, 20, 32, 0, 2, 21, 22, 0, 11, 19, 49, 48, 0, 5, 18, 10, 0, 33, 9, 34, 35, 0, 29, 50, 0, 42, 15, 43, 13, 0, 36, 47, 7, 8, 46, 17, 0, 45, 44, 38, 37, 0, 39, 23, 41, 0, 14, 16, 6, 0]"
153,1134.5759164220644,14,132.0185136795044,1187.8805729499513,1151.314397760018,"[0, 28, 12, 3, 24, 25, 0, 27, 1, 0, 40, 26, 4, 0, 31, 30, 20, 32, 0, 2, 21, 22, 0, 11, 19, 49, 48, 0, 5, 18, 10, 0, 33, 9, 34, 35, 0, 29, 50, 0, 42, 15, 43, 13, 0, 36, 47, 7, 8, 46, 17, 0, 45, 44, 38, 37, 0, 39, 23, 41, 0, 14, 16, 6, 0]"
154,1134.5759164220644,14,132.89953303337097,1175.5532336866154,1141.216235364993,"[0, 28, 12, 3, 24, 25, 0, 27, 1, 0, 40, 26, 4, 0, 31, 30, 20, 32, 0, 2, 21, 22, 0, 11, 19, 49, 48, 0, 5, 18, 10, 0, 33, 9, 34, 35, 0, 29, 50, 0, 42, 15, 43, 13, 0, 36, 47, 7, 8, 46, 17, 0, 45, 44, 38, 37, 0, 39, 23, 41, 0, 14, 16, 6, 0]"
155,1134.5759164220644,14,133.70259714126587,1181.5261013942745,1146.9297416131046,"[0, 28, 12, 3, 24, 25, 0, 27, 1, 0, 40, 26, 4, 0, 31, 30, 20, 32, 0, 2, 21, 22, 0, 11, 19, 49, 48, 0, 5, 18, 10, 0, 33, 9, 34, 35, 0, 29, 50, 0, 42, 15, 43, 13, 0, 36, 47, 7, 8, 46, 17, 0, 45, 44, 38, 37, 0, 39, 23, 41, 0, 14, 16, 6, 0]"
156,1131.3073530324525,14,134.5264630317688,1177.444069467099,1131.3073530324525,"[0, 27, 1, 0, 28, 12, 3, 24, 25, 0, 31, 30, 20, 32, 0, 2, 21, 22, 4, 0, 42, 15, 43, 13, 0, 11, 19, 49, 48, 0, 29, 50, 0, 45, 44, 38, 37, 17, 0, 39, 23, 41, 26, 0, 40, 0, 33, 9, 34, 35, 0, 36, 47, 7, 8, 46, 0, 5, 18, 10, 0, 14, 16, 6, 0]"
157,1131.3073530324525,14,135.30164790153503,1177.822950305664,1140.2288959825023,"[0, 27, 1, 0, 28, 12, 3, 24, 25, 0, 31, 30, 20, 32, 0, 2, 21, 22, 4, 0, 42, 15, 43, 13, 0, 11, 19, 49, 48, 0, 29, 50, 0, 45, 44, 38, 37, 17, 0, 39, 23, 41, 26, 0, 40, 0, 33, 9, 34, 35, 0, 36, 47, 7, 8, 46, 0, 5, 18, 10, 0, 14, 16, 6, 0]"
158,1131.3073530324525,14,136.1932601928711,1173.2016414528937,1132.8346538726657,"[0, 27, 1, 0, 28, 12, 3, 24, 25, 0, 31, 30, 20, 32, 0, 2, 21, 22, 4, 0, 42, 15, 43, 13, 0, 11, 19, 49, 48, 0, 29, 50, 0, 45, 44, 38, 37, 17, 0, 39, 23, 41, 26, 0, 40, 0, 33, 9, 34, 35, 0, 36, 47, 7, 8, 46, 0, 5, 18, 10, 0, 14, 16, 6, 0]"
159,1131.3073530324525,14,137.08040761947632,1178.7988699778768,1147.2088461269086,"[0, 27, 1, 0, 28, 12, 3, 24, 25, 0, 31, 30, 20, 32, 0, 2, 21, 22, 4, 0, 42, 15, 43, 13, 0, 11, 19, 49, 48, 0, 29, 50, 0, 45, 44, 38, 37, 17, 0, 39, 23, 41, 26, 0, 40, 0, 33, 9, 34, 35, 0, 36, 47, 7, 8, 46, 0, 5, 18, 10, 0, 14, 16, 6, 0]"
160,1131.3073530324525,14,137.9018325805664,1178.5106317091709,1138.5179728870937,"[0, 27, 1, 0, 28, 12, 3, 24, 25, 0, 31, 30, 20, 32, 0, 2, 21, 22, 4, 0, 42, 15, 43, 13, 0, 11, 19, 49, 48, 0, 29, 50, 0, 45, 44, 38, 37, 17, 0, 39, 23, 41, 26, 0, 40, 0, 33, 9, 34, 35, 0, 36, 47, 7, 8, 46, 0, 5, 18, 10, 0, 14, 16, 6, 0]"
161,1131.3073530324525,14,138.67511224746704,1169.2578991451185,1134.5759164220647,"[0, 27, 1, 0, 28, 12, 3, 24, 25, 0, 31, 30, 20, 32, 0, 2, 21, 22, 4, 0, 42, 15, 43, 13, 0, 11, 19, 49, 48, 0, 29, 50, 0, 45, 44, 38, 37, 17, 0, 39, 23, 41, 26, 0, 40, 0, 33, 9, 34, 35, 0, 36, 47, 7, 8, 46, 0, 5, 18, 10, 0, 14, 16, 6, 0]"
162,1131.3073530324525,14,139.45266222953796,1171.9845229282723,1150.7703220612902,"[0, 27, 1, 0, 28, 12, 3, 24, 25, 0, 31, 30, 20, 32, 0, 2, 21, 22, 4, 0, 42, 15, 43, 13, 0, 11, 19, 49, 48, 0, 29, 50, 0, 45, 44, 38, 37, 17, 0, 39, 23, 41, 26, 0, 40, 0, 33, 9, 34, 35, 0, 36, 47, 7, 8, 46, 0, 5, 18, 10, 0, 14, 16, 6, 0]"
163,1131.3073530324525,14,140.20352363586426,1179.8622735615947,1132.8649933266565,"[0, 27, 1, 0, 28, 12, 3, 24, 25, 0, 31, 30, 20, 32, 0, 2, 21, 22, 4, 0, 42, 15, 43, 13, 0, 11, 19, 49, 48, 0, 29, 50, 0, 45, 44, 38, 37, 17, 0, 39, 23, 41, 26, 0, 40, 0, 33, 9, 34, 35, 0, 36, 47, 7, 8, 46, 0, 5, 18, 10, 0, 14, 16, 6, 0]"
164,1131.3073530324525,14,140.97726440429688,1167.6346335574212,1131.3073530324525,"[0, 27, 1, 0, 28, 12, 3, 24, 25, 0, 31, 30, 20, 32, 0, 2, 21, 22, 4, 0, 42, 15, 43, 13, 0, 11, 19, 49, 48, 0, 29, 50, 0, 45, 44, 38, 37, 17, 0, 39, 23, 41, 26, 0, 40, 0, 33, 9, 34, 35, 0, 36, 47, 7, 8, 46, 0, 5, 18, 10, 0, 14, 16, 6, 0]"
165,1131.3073530324525,14,141.72045421600342,1166.980805155426,1132.864993326656,"[0, 27, 1, 0, 28, 12, 3, 24, 25, 0, 31, 30, 20, 32, 0, 2, 21, 22, 4, 0, 42, 15, 43, 13, 0, 11, 19, 49, 48, 0, 29, 50, 0, 45, 44, 38, 37, 17, 0, 39, 23, 41, 26, 0, 40, 0, 33, 9, 34, 35, 0, 36, 47, 7, 8, 46, 0, 5, 18, 10, 0, 14, 16, 6, 0]"
166,1127.1816743122283,14,142.45386934280396,1171.3639940657072,1127.1816743122283,"[0, 28, 12, 3, 24, 25, 0, 33, 9, 34, 35, 0, 36, 47, 7, 8, 46, 17, 0, 27, 1, 0, 40, 13, 0, 45, 44, 38, 37, 0, 31, 30, 20, 32, 0, 2, 21, 22, 4, 0, 5, 18, 10, 0, 42, 15, 43, 0, 11, 19, 49, 48, 0, 39, 23, 41, 26, 0, 14, 16, 6, 0, 29, 50, 0]"
167,1127.1816743122283,14,143.3368902206421,1178.950792792961,1132.8649933266563,"[0, 28, 12, 3, 24, 25, 0, 33, 9, 34, 35, 0, 36, 47, 7, 8, 46, 17, 0, 27, 1, 0, 40, 13, 0, 45, 44, 38, 37, 0, 31, 30, 20, 32, 0, 2, 21, 22, 4, 0, 5, 18, 10, 0, 42, 15, 43, 0, 11, 19, 49, 48, 0, 39, 23, 41, 26, 0, 14, 16, 6, 0, 29, 50, 0]"
168,1127.1816743122283,14,144.3327124118805,1169.7718791556076,1132.8346538726657,"[0, 28, 12, 3, 24, 25, 0, 33, 9, 34, 35, 0, 36, 47, 7, 8, 46, 17, 0, 27, 1, 0, 40, 13, 0, 45, 44, 38, 37, 0, 31, 30, 20, 32, 0, 2, 21, 22, 4, 0, 5, 18, 10, 0, 42, 15, 43, 0, 11, 19, 49, 48, 0, 39, 23, 41, 26, 0, 14, 16, 6, 0, 29, 50, 0]"
169,1127.181674312228,14,145.11385703086853,1169.1382969267638,1127.181674312228,"[0, 27, 1, 0, 11, 19, 49, 48, 0, 28, 12, 3, 24, 25, 0, 33, 9, 34, 35, 0, 36, 47, 7, 8, 46, 17, 0, 2, 21, 22, 4, 0, 40, 13, 0, 39, 23, 41, 26, 0, 31, 30, 20, 32, 0, 5, 18, 10, 0, 29, 50, 0, 45, 44, 38, 37, 0, 42, 15, 43, 0, 14, 16, 6, 0]"
170,1118.830432273891,14,145.88216137886047,1172.9297352143572,1118.830432273891,"[0, 2, 21, 22, 4, 25, 0, 27, 1, 0, 28, 12, 3, 24, 0, 40, 26, 0, 31, 30, 20, 32, 0, 36, 47, 7, 8, 46, 17, 0, 5, 18, 10, 0, 29, 50, 0, 33, 9, 34, 35, 0, 11, 19, 49, 48, 0, 42, 15, 43, 13, 0, 45, 44, 38, 37, 0, 39, 23, 41, 0, 14, 16, 6, 0]"
171,1118.830432273891,14,146.6508548259735,1179.817545945845,1138.5179728870942,"[0, 2, 21, 22, 4, 25, 0, 27, 1, 0, 28, 12, 3, 24, 0, 40, 26, 0, 31, 30, 20, 32, 0, 36, 47, 7, 8, 46, 17, 0, 5, 18, 10, 0, 29, 50, 0, 33, 9, 34, 35, 0, 11, 19, 49, 48, 0, 42, 15, 43, 13, 0, 45, 44, 38, 37, 0, 39, 23, 41, 0, 14, 16, 6, 0]"
172,1118.830432273891,14,147.41219663619995,1178.8918375971741,1134.5759164220642,"[0, 2, 21, 22, 4, 25, 0, 27, 1, 0, 28, 12, 3, 24, 0, 40, 26, 0, 31, 30, 20, 32, 0, 36, 47, 7, 8, 46, 17, 0, 5, 18, 10, 0, 29, 50, 0, 33, 9, 34, 35, 0, 11, 19, 49, 48, 0, 42, 15, 43, 13, 0, 45, 44, 38, 37, 0, 39, 23, 41, 0, 14, 16, 6, 0]"
173,1118.830432273891,14,148.26740431785583,1172.2375425918265,1139.6642528780778,"[0, 2, 21, 22, 4, 25, 0, 27, 1, 0, 28, 12, 3, 24, 0, 40, 26, 0, 31, 30, 20, 32, 0, 36, 47, 7, 8, 46, 17, 0, 5, 18, 10, 0, 29, 50, 0, 33, 9, 34, 35, 0, 11, 19, 49, 48, 0, 42, 15, 43, 13, 0, 45, 44, 38, 37, 0, 39, 23, 41, 0, 14, 16, 6, 0]"
174,1118.830432273891,14,149.07399582862854,1174.8879705196464,1141.2218931722819,"[0, 2, 21, 22, 4, 25, 0, 27, 1, 0, 28, 12, 3, 24, 0, 40, 26, 0, 31, 30, 20, 32, 0, 36, 47, 7, 8, 46, 17, 0, 5, 18, 10, 0, 29, 50, 0, 33, 9, 34, 35, 0, 11, 19, 49, 48, 0, 42, 15, 43, 13, 0, 45, 44, 38, 37, 0, 39, 23, 41, 0, 14, 16, 6, 0]"
175,1118.830432273891,14,149.80380511283875,1167.7354588154817,1141.221893172282,"[0, 2, 21, 22, 4, 25, 0, 27, 1, 0, 28, 12, 3, 24, 0, 40, 26, 0, 31, 30, 20, 32, 0, 36, 47, 7, 8, 46, 17, 0, 5, 18, 10, 0, 29, 50, 0, 33, 9, 34, 35, 0, 11, 19, 49, 48, 0, 42, 15, 43, 13, 0, 45, 44, 38, 37, 0, 39, 23, 41, 0, 14, 16, 6, 0]"
176,1118.830432273891,14,150.5739393234253,1160.2421797510333,1118.830432273891,"[0, 2, 21, 22, 4, 25, 0, 27, 1, 0, 28, 12, 3, 24, 0, 40, 26, 0, 31, 30, 20, 32, 0, 36, 47, 7, 8, 46, 17, 0, 5, 18, 10, 0, 29, 50, 0, 33, 9, 34, 35, 0, 11, 19, 49, 48, 0, 42, 15, 43, 13, 0, 45, 44, 38, 37, 0, 39, 23, 41, 0, 14, 16, 6, 0]"
177,1118.830432273891,14,151.30184483528137,1178.527401555967,1148.61047747483,"[0, 2, 21, 22, 4, 25, 0, 27, 1, 0, 28, 12, 3, 24, 0, 40, 26, 0, 31, 30, 20, 32, 0, 36, 47, 7, 8, 46, 17, 0, 5, 18, 10, 0, 29, 50, 0, 33, 9, 34, 35, 0, 11, 19, 49, 48, 0, 42, 15, 43, 13, 0, 45, 44, 38, 37, 0, 39, 23, 41, 0, 14, 16, 6, 0]"
178,1118.830432273891,14,151.9949812889099,1170.748182818027,1132.8649933266563,"[0, 2, 21, 22, 4, 25, 0, 27, 1, 0, 28, 12, 3, 24, 0, 40, 26, 0, 31, 30, 20, 32, 0, 36, 47, 7, 8, 46, 17, 0, 5, 18, 10, 0, 29, 50, 0, 33, 9, 34, 35, 0, 11, 19, 49, 48, 0, 42, 15, 43, 13, 0, 45, 44, 38, 37, 0, 39, 23, 41, 0, 14, 16, 6, 0]"
179,1118.830432273891,14,152.7341969013214,1174.9300984534107,1134.5759164220647,"[0, 2, 21, 22, 4, 25, 0, 27, 1, 0, 28, 12, 3, 24, 0, 40, 26, 0, 31, 30, 20, 32, 0, 36, 47, 7, 8, 46, 17, 0, 5, 18, 10, 0, 29, 50, 0, 33, 9, 34, 35, 0, 11, 19, 49, 48, 0, 42, 15, 43, 13, 0, 45, 44, 38, 37, 0, 39, 23, 41, 0, 14, 16, 6, 0]"
180,1118.830432273891,14,153.453533411026,1170.6833432116084,1143.920155650181,"[0, 2, 21, 22, 4, 25, 0, 27, 1, 0, 28, 12, 3, 24, 0, 40, 26, 0, 31, 30, 20, 32, 0, 36, 47, 7, 8, 46, 17, 0, 5, 18, 10, 0, 29, 50, 0, 33, 9, 34, 35, 0, 11, 19, 49, 48, 0, 42, 15, 43, 13, 0, 45, 44, 38, 37, 0, 39, 23, 41, 0, 14, 16, 6, 0]"
181,1118.830432273891,14,154.19946694374084,1163.7204150843086,1138.5179728870944,"[0, 2, 21, 22, 4, 25, 0, 27, 1, 0, 28, 12, 3, 24, 0, 40, 26, 0, 31, 30, 20, 32, 0, 36, 47, 7, 8, 46, 17, 0, 5, 18, 10, 0, 29, 50, 0, 33, 9, 34, 35, 0, 11, 19, 49, 48, 0, 42, 15, 43, 13, 0, 45, 44, 38, 37, 0, 39, 23, 41, 0, 14, 16, 6, 0]"
182,1118.830432273891,14,154.9178512096405,1174.8927254750542,1124.4834118343288,"[0, 2, 21, 22, 4, 25, 0, 27, 1, 0, 28, 12, 3, 24, 0, 40, 26, 0, 31, 30, 20, 32, 0, 36, 47, 7, 8, 46, 17, 0, 5, 18, 10, 0, 29, 50, 0, 33, 9, 34, 35, 0, 11, 19, 49, 48, 0, 42, 15, 43, 13, 0, 45, 44, 38, 37, 0, 39, 23, 41, 0, 14, 16, 6, 0]"
183,1118.830432273891,14,155.64977169036865,1183.144783064278,1132.8649933266565,"[0, 2, 21, 22, 4, 25, 0, 27, 1, 0, 28, 12, 3, 24, 0, 40, 26, 0, 31, 30, 20, 32, 0, 36, 47, 7, 8, 46, 17, 0, 5, 18, 10, 0, 29, 50, 0, 33, 9, 34, 35, 0, 11, 19, 49, 48, 0, 42, 15, 43, 13, 0, 45, 44, 38, 37, 0, 39, 23, 41, 0, 14, 16, 6, 0]"
184,1118.830432273891,14,156.3899369239807,1170.6679098129594,1136.7357610085248,"[0, 2, 21, 22, 4, 25, 0, 27, 1, 0, 28, 12, 3, 24, 0, 40, 26, 0, 31, 30, 20, 32, 0, 36, 47, 7, 8, 46, 17, 0, 5, 18, 10, 0, 29, 50, 0, 33, 9, 34, 35, 0, 11, 19, 49, 48, 0, 42, 15, 43, 13, 0, 45, 44, 38, 37, 0, 39, 23, 41, 0, 14, 16, 6, 0]"
185,1118.830432273891,14,157.1111810207367,1171.264446210284,1140.2288959825028,"[0, 2, 21, 22, 4, 25, 0, 27, 1, 0, 28, 12, 3, 24, 0, 40, 26, 0, 31, 30, 20, 32, 0, 36, 47, 7, 8, 46, 17, 0, 5, 18, 10, 0, 29, 50, 0, 33, 9, 34, 35, 0, 11, 19, 49, 48, 0, 42, 15, 43, 13, 0, 45, 44, 38, 37, 0, 39, 23, 41, 0, 14, 16, 6, 0]"
186,1118.830432273891,14,157.84781527519226,1168.6299493874733,1134.5759164220642,"[0, 2, 21, 22, 4, 25, 0, 27, 1, 0, 28, 12, 3, 24, 0, 40, 26, 0, 31, 30, 20, 32, 0, 36, 47, 7, 8, 46, 17, 0, 5, 18, 10, 0, 29, 50, 0, 33, 9, 34, 35, 0, 11, 19, 49, 48, 0, 42, 15, 43, 13, 0, 45, 44, 38, 37, 0, 39, 23, 41, 0, 14, 16, 6, 0]"
187,1118.830432273891,14,158.60010528564453,1175.8045363966853,1141.5558665664707,"[0, 2, 21, 22, 4, 25, 0, 27, 1, 0, 28, 12, 3, 24, 0, 40, 26, 0, 31, 30, 20, 32, 0, 36, 47, 7, 8, 46, 17, 0, 5, 18, 10, 0, 29, 50, 0, 33, 9, 34, 35, 0, 11, 19, 49, 48, 0, 42, 15, 43, 13, 0, 45, 44, 38, 37, 0, 39, 23, 41, 0, 14, 16, 6, 0]"
188,1118.830432273891,14,159.3996057510376,1191.157980949109,1133.0182761278609,"[0, 2, 21, 22, 4, 25, 0, 27, 1, 0, 28, 12, 3, 24, 0, 40, 26, 0, 31, 30, 20, 32, 0, 36, 47, 7, 8, 46, 17, 0, 5, 18, 10, 0, 29, 50, 0, 33, 9, 34, 35, 0, 11, 19, 49, 48, 0, 42, 15, 43, 13, 0, 45, 44, 38, 37, 0, 39, 23, 41, 0, 14, 16, 6, 0]"
189,1118.830432273891,14,160.32984113693237,1165.1869588479672,1127.1816743122279,"[0, 2, 21, 22, 4, 25, 0, 27, 1, 0, 28, 12, 3, 24, 0, 40, 26, 0, 31, 30, 20, 32, 0, 36, 47, 7, 8, 46, 17, 0, 5, 18, 10, 0, 29, 50, 0, 33, 9, 34, 35, 0, 11, 19, 49, 48, 0, 42, 15, 43, 13, 0, 45, 44, 38, 37, 0, 39, 23, 41, 0, 14, 16, 6, 0]"
190,1118.830432273891,14,161.1660454273224,1168.1499772108898,1132.8649933266563,"[0, 2, 21, 22, 4, 25, 0, 27, 1, 0, 28, 12, 3, 24, 0, 40, 26, 0, 31, 30, 20, 32, 0, 36, 47, 7, 8, 46, 17, 0, 5, 18, 10, 0, 29, 50, 0, 33, 9, 34, 35, 0, 11, 19, 49, 48, 0, 42, 15, 43, 13, 0, 45, 44, 38, 37, 0, 39, 23, 41, 0, 14, 16, 6, 0]"
191,1118.830432273891,14,161.88798761367798,1165.1089008875956,1135.632275094007,"[0, 2, 21, 22, 4, 25, 0, 27, 1, 0, 28, 12, 3, 24, 0, 40, 26, 0, 31, 30, 20, 32, 0, 36, 47, 7, 8, 46, 17, 0, 5, 18, 10, 0, 29, 50, 0, 33, 9, 34, 35, 0, 11, 19, 49, 48, 0, 42, 15, 43, 13, 0, 45, 44, 38, 37, 0, 39, 23, 41, 0, 14, 16, 6, 0]"
192,1118.830432273891,14,162.65082454681396,1175.6605307417144,1134.5759164220644,"[0, 2, 21, 22, 4, 25, 0, 27, 1, 0, 28, 12, 3, 24, 0, 40, 26, 0, 31, 30, 20, 32, 0, 36, 47, 7, 8, 46, 17, 0, 5, 18, 10, 0, 29, 50, 0, 33, 9, 34, 35, 0, 11, 19, 49, 48, 0, 42, 15, 43, 13, 0, 45, 44, 38, 37, 0, 39, 23, 41, 0, 14, 16, 6, 0]"
193,1118.830432273891,14,163.49426698684692,1162.8319785573985,1122.0553116325618,"[0, 2, 21, 22, 4, 25, 0, 27, 1, 0, 28, 12, 3, 24, 0, 40, 26, 0, 31, 30, 20, 32, 0, 36, 47, 7, 8, 46, 17, 0, 5, 18, 10, 0, 29, 50, 0, 33, 9, 34, 35, 0, 11, 19, 49, 48, 0, 42, 15, 43, 13, 0, 45, 44, 38, 37, 0, 39, 23, 41, 0, 14, 16, 6, 0]"
194,1118.830432273891,14,164.2714433670044,1173.4727663222104,1134.5759164220644,"[0, 2, 21, 22, 4, 25, 0, 27, 1, 0, 28, 12, 3, 24, 0, 40, 26, 0, 31, 30, 20, 32, 0, 36, 47, 7, 8, 46, 17, 0, 5, 18, 10, 0, 29, 50, 0, 33, 9, 34, 35, 0, 11, 19, 49, 48, 0, 42, 15, 43, 13, 0, 45, 44, 38, 37, 0, 39, 23, 41, 0, 14, 16, 6, 0]"
195,1118.830432273891,14,165.05279517173767,1174.9113293404228,1118.8304322738911,"[0, 2, 21, 22, 4, 25, 0, 27, 1, 0, 28, 12, 3, 24, 0, 40, 26, 0, 31, 30, 20, 32, 0, 36, 47, 7, 8, 46, 17, 0, 5, 18, 10, 0, 29, 50, 0, 33, 9, 34, 35, 0, 11, 19, 49, 48, 0, 42, 15, 43, 13, 0, 45, 44, 38, 37, 0, 39, 23, 41, 0, 14, 16, 6, 0]"
196,1118.830432273891,14,165.87148571014404,1180.5730856115692,1148.585263960039,"[0, 2, 21, 22, 4, 25, 0, 27, 1, 0, 28, 12, 3, 24, 0, 40, 26, 0, 31, 30, 20, 32, 0, 36, 47, 7, 8, 46, 17, 0, 5, 18, 10, 0, 29, 50, 0, 33, 9, 34, 35, 0, 11, 19, 49, 48, 0, 42, 15, 43, 13, 0, 45, 44, 38, 37, 0, 39, 23, 41, 0, 14, 16, 6, 0]"
197,1118.830432273891,14,166.71455001831055,1179.6270714087977,1139.8449434710622,"[0, 2, 21, 22, 4, 25, 0, 27, 1, 0, 28, 12, 3, 24, 0, 40, 26, 0, 31, 30, 20, 32, 0, 36, 47, 7, 8, 46, 17, 0, 5, 18, 10, 0, 29, 50, 0, 33, 9, 34, 35, 0, 11, 19, 49, 48, 0, 42, 15, 43, 13, 0, 45, 44, 38, 37, 0, 39, 23, 41, 0, 14, 16, 6, 0]"
198,1118.830432273891,14,167.4412064552307,1171.044919916651,1142.54886375625,"[0, 2, 21, 22, 4, 25, 0, 27, 1, 0, 28, 12, 3, 24, 0, 40, 26, 0, 31, 30, 20, 32, 0, 36, 47, 7, 8, 46, 17, 0, 5, 18, 10, 0, 29, 50, 0, 33, 9, 34, 35, 0, 11, 19, 49, 48, 0, 42, 15, 43, 13, 0, 45, 44, 38, 37, 0, 39, 23, 41, 0, 14, 16, 6, 0]"
199,1118.830432273891,14,168.22193241119385,1164.7347742106508,1132.8649933266565,"[0, 2, 21, 22, 4, 25, 0, 27, 1, 0, 28, 12, 3, 24, 0, 40, 26, 0, 31, 30, 20, 32, 0, 36, 47, 7, 8, 46, 17, 0, 5, 18, 10, 0, 29, 50, 0, 33, 9, 34, 35, 0, 11, 19, 49, 48, 0, 42, 15, 43, 13, 0, 45, 44, 38, 37, 0, 39, 23, 41, 0, 14, 16, 6, 0]"
