iteration,best_cost,best_vehicle_num,time_elapsed,avg_cost,current_iter_best
0,190063.39313798695,448,25.358482837677002,198174.46923730377,190063.39313798695
1,138189.72771432184,320,47.31538939476013,146029.77484217423,138189.72771432184
2,123966.42423732868,286,66.71910119056702,130339.30244175457,123966.42423732868
3,116295.8459750032,270,84.9763491153717,121179.01228384467,116295.8459750032
4,109909.490830915,255,103.03501844406128,115835.14291913137,109909.490830915
5,106241.2622857773,241,121.08636212348938,111928.05712382817,106241.2622857773
6,102916.1443884259,241,139.5208203792572,109000.00138865146,102916.1443884259
7,101116.02813972846,237,156.74853420257568,105740.02196659418,101116.02813972846
8,99108.43825108159,229,175.15183758735657,103509.61463702787,99108.43825108159
9,99108.43825108159,229,194.20291328430176,102590.93228262327,99688.402363685
10,97803.67201552883,224,210.8444836139679,101664.50394721513,97803.67201552883
11,96792.91854948582,220,229.4345154762268,100453.58614788334,96792.91854948582
12,96654.12144400385,221,246.9472165107727,100276.16622218235,96654.12144400385
13,93127.94755537256,213,264.54836106300354,98920.42490953542,93127.94755537256
14,93114.92314984718,213,282.8869957923889,97628.45459093685,93114.92314984718
15,93114.92314984718,213,300.7430913448334,97038.84021281217,93281.56762636665
16,93114.92314984718,213,318.8316476345062,96678.39319176217,93166.34515808386
17,92131.85185645027,207,336.05027532577515,96195.02877525859,92131.85185645027
18,92131.85185645027,207,352.51377964019775,94582.54501305305,92132.90617720646
19,90856.76973759322,207,370.2800590991974,95358.73085835022,90856.76973759322
20,89538.88024002747,200,386.5134551525116,93715.91857779745,89538.88024002747
21,89538.88024002747,200,405.36049604415894,93813.94168885381,90835.78368468837
22,89538.88024002747,200,422.01409220695496,93800.67664479453,90280.89845839585
23,89538.88024002747,200,438.8799750804901,93239.23643865547,89710.13032998845
24,89013.51749006068,194,455.6536693572998,92918.26592806503,89013.51749006068
25,89013.51749006068,194,472.5280547142029,92694.33400326376,89072.4350082418
26,89013.51749006068,194,489.7811176776886,92986.06804804257,90169.88035759518
27,89013.51749006068,194,506.38180780410767,92441.77945002256,89430.48475083502
28,88051.99128656658,196,523.3953518867493,91564.13520357071,88051.99128656658
29,88051.99128656658,196,540.0783734321594,91147.58320765474,88538.62452776125
30,87722.9665430058,195,556.6568918228149,90732.81471027518,87722.9665430058
31,86856.77755839057,191,573.0170578956604,90544.10258563024,86856.77755839057
32,86856.77755839057,191,589.8730266094208,89748.50066804152,86864.28899912676
33,85071.47206447978,189,606.7422428131104,90012.09902742566,85071.47206447978
34,84203.1057101683,189,623.6135971546173,89016.57074580013,84203.1057101683
35,84203.1057101683,189,639.868447303772,89508.68871684647,86374.07220969617
36,83753.77279407767,182,656.1358437538147,88051.65657434444,83753.77279407767
37,82695.14353037793,181,674.4804766178131,88157.51451478466,82695.14353037793
38,82695.14353037793,181,691.4675743579865,88644.56317252254,86180.88698645304
39,82695.14353037793,181,709.1888651847839,87413.65757521424,83866.57951821145
40,82695.14353037793,181,726.4054729938507,87255.79751646257,84473.52119894863
41,82461.93951858947,182,742.8275861740112,85956.45299655842,82461.93951858947
42,82461.93951858947,182,758.1257436275482,86995.2133597557,84470.4304793856
43,82461.93951858947,182,773.6245853900909,87010.66344129652,84430.80794678607
44,82461.93951858947,182,788.7715878486633,85718.46615535153,83122.72572346921
45,82461.93951858947,182,804.4292922019958,86888.08750594678,83665.50844462127
46,82461.93951858947,182,819.7417316436768,86344.84058647504,82765.85909854568
47,79666.35761463687,177,835.7556200027466,84910.42662890103,79666.35761463687
48,79666.35761463687,177,852.9129118919373,85185.21116374311,81972.27948858417
49,79666.35761463687,177,869.295658826828,84582.50477461786,82274.20288847445
50,79666.35761463687,177,885.3579528331757,84274.21432811466,80691.24961814935
51,79666.35761463687,177,901.4730472564697,83565.35006487508,79866.51299848192
52,79666.35761463687,177,917.8080124855042,84215.41643029952,82757.77002396176
53,79666.35761463687,177,935.1876006126404,83895.15981817633,81338.99392967433
54,79666.35761463687,177,951.5415542125702,83725.68271604682,80747.74596835059
55,79666.35761463687,177,967.7912628650665,82818.71499537557,80001.33702306279
56,78839.21194879794,175,983.9800398349762,82948.1108487789,78839.21194879794
57,78389.59263919997,173,1000.9305443763733,83057.6678368694,78389.59263919997
58,78389.59263919997,173,1017.8706862926483,82573.36030490602,79072.17498243984
59,78389.59263919997,173,1034.1396188735962,83176.18033732059,81620.07020672112
60,78389.59263919997,173,1050.3408761024475,83134.48160317741,79171.2742106579
61,78051.22986765498,173,1067.268610715866,81647.02551363819,78051.22986765498
62,78051.22986765498,173,1083.3607847690582,82452.59125870655,78722.65341780147
63,78051.22986765498,173,1099.7413997650146,82445.83432563099,80270.44946629423
64,78051.22986765498,173,1118.024159669876,82545.67190706242,79989.00586032517
65,78051.22986765498,173,1134.969675064087,81951.88554108751,78991.2172841499
66,78051.22986765498,173,1153.6619052886963,81683.71759444516,79662.49492812979
67,78051.22986765498,173,1171.357342004776,81533.43635315886,78916.74722222966
68,78051.22986765498,173,1190.064774274826,81046.63532798867,79029.4270376563
69,78051.22986765498,173,1208.0177261829376,81620.58835241347,79477.70070952663
70,78051.22986765498,173,1224.2308480739594,81367.6423289538,79543.0968191243
71,78051.22986765498,173,1240.5522484779358,81389.64914089275,78352.46810303722
72,77852.65555893487,170,1256.8705563545227,80846.71533061385,77852.65555893487
73,77852.65555893487,170,1431.9683542251587,81757.51620324931,79318.83289746486
74,77852.65555893487,170,1446.9209797382355,81286.05688515372,78630.26866962436
75,77852.65555893487,170,1462.263843536377,80719.0462977836,78212.432078507
76,77852.65555893487,170,1478.0802240371704,80938.49335049694,79106.55203203947
77,77852.65555893487,170,1495.0422539710999,80781.74851527554,78220.8577281531
78,77852.65555893487,170,1512.471242427826,80748.77585205995,78120.17808217516
79,77852.65555893487,170,1529.5505540370941,81168.86076899523,79050.7247489108
80,77852.65555893487,170,1546.7193431854248,80265.69585148215,78709.81022977072
81,77852.65555893487,170,1564.193383693695,80705.70287062126,78318.14061088624
82,77852.65555893487,170,1582.316947221756,80453.20938813375,77939.60342896305
83,77852.65555893487,170,1599.8067026138306,80667.74381253099,78671.53053746151
84,77852.65555893487,170,1616.5949566364288,80980.21774909407,78141.87747013305
85,77472.85378221824,169,1634.590491771698,79670.60208822302,77472.85378221824
86,77472.85378221824,169,1651.3218767642975,81064.82358506325,78950.45859598219
87,77472.85378221824,169,1668.3487222194672,80884.10870062294,77805.98304152419
88,77472.85378221824,169,1684.2163469791412,80414.99232050436,78981.57327024464
89,77472.85378221824,169,1701.8919162750244,80937.0963401633,79155.71159798391
90,77472.85378221824,169,1718.0755031108856,80981.26831596902,78234.74348692872
91,77472.85378221824,169,1734.5516741275787,80435.20630373336,78275.91246773717
92,77472.85378221824,169,1750.9357075691223,80068.99834095525,77597.41721826224
93,77411.71697794672,170,1767.4792430400848,80058.10599129263,77411.71697794672
94,77411.71697794672,170,1783.6295018196106,81453.19023870115,78612.03408708695
95,77411.71697794672,170,1799.6756939888,80235.11069908243,78034.00186456229
96,77411.71697794672,170,1815.8052380084991,80469.1620485053,78517.88403327594
97,77411.71697794672,170,1832.5463426113129,80513.21807721823,78084.79704720851
98,77411.71697794672,170,1848.798950433731,80474.81512877901,79232.2594618284
99,77411.71697794672,170,1867.1531105041504,80272.79893045998,78192.61777052842
100,77411.71697794672,170,1884.1376390457153,80508.0584926669,77748.27950997512
101,77411.71697794672,170,1901.1607675552368,80533.92712018713,77560.94522514968
102,77211.94022246593,168,1917.0206184387207,80009.65723582382,77211.94022246593
103,77211.94022246593,168,1934.1585946083069,80576.37728143607,78780.0620829835
104,77203.75284705013,168,1950.408403635025,80069.68608041004,77203.75284705013
105,77203.75284705013,168,1967.38329744339,80366.6182736376,78032.02114869416
106,77203.75284705013,168,1983.6966836452484,79779.50978821353,77829.55400116445
107,77203.75284705013,168,1999.626660823822,79974.87902222497,77236.76954596893
108,77203.75284705013,168,2015.9124855995178,80162.69915424335,78760.565358815
109,77203.75284705013,168,2032.6279458999634,79862.94929193877,78056.67415127168
110,77203.75284705013,168,2049.7704412937164,79944.64356342044,77622.32380900289
111,77203.75284705013,168,2065.7140719890594,79823.9984065057,77211.60233665878
112,77203.75284705013,168,2081.878494977951,79488.34105497513,77872.29447883453
113,77203.75284705013,168,2098.1776101589203,79792.41202254061,77765.15393815005
114,77203.75284705013,168,2114.3075621128082,79305.26459557412,77353.47928806835
115,77203.75284705013,168,2130.022201538086,79170.93198196898,77852.70333577847
116,77203.75284705013,168,2145.726490020752,79268.39597648758,78008.04482916322
117,77203.75284705013,168,2162.0499742031097,79475.1018413995,77278.49479331885
118,77047.41479768898,167,2178.528657436371,79541.87423793544,77047.41479768898
119,77047.41479768898,167,2195.531724214554,79479.08228640069,77805.521183656
120,76704.88408206687,169,2211.673921585083,79400.66418326218,76704.88408206687
121,76704.88408206687,169,2228.817222595215,79266.936447046,78104.46065666788
122,76073.92669860294,166,2246.8382365703583,79559.43004392402,76073.92669860294
123,76073.92669860294,166,2263.236079931259,79400.37405179665,77206.50271024158
124,76073.92669860294,166,2279.472535610199,79668.61600162004,76717.86908179885
125,76073.92669860294,166,2295.9608652591705,79154.01986262386,77520.88280723584
126,76073.92669860294,166,2312.0869812965393,79508.10199869509,77133.2832358096
127,76073.92669860294,166,2327.5433390140533,79482.80450823583,77620.30144084971
128,76073.92669860294,166,2343.398761510849,79421.31733734868,76093.9157246376
129,76073.92669860294,166,2360.6838381290436,79063.899334815,77517.66995756136
130,76073.92669860294,166,2377.478066444397,78938.24782670585,76622.92470402678
131,76073.92669860294,166,2392.737617969513,79714.80402599527,78153.23406943755
132,76073.92669860294,166,2408.5739521980286,79185.27042291408,77271.84340625598
133,75857.08775965578,165,2425.114725589752,79165.74855141167,75857.08775965578
134,75857.08775965578,165,2441.2270500659943,79460.6645328492,77062.6464952156
135,75857.08775965578,165,2456.9934673309326,79289.26885511508,77704.05779874757
136,75857.08775965578,165,2472.9658467769623,79317.90561401479,76434.25480345893
137,75857.08775965578,165,2489.055844783783,79184.41429518095,76878.99280155923
138,75857.08775965578,165,2505.619388103485,79242.16007854397,77928.49031254265
139,75857.08775965578,165,2522.107031106949,78733.66703599964,76857.11580321925
140,75857.08775965578,165,2541.4370098114014,79195.6057357903,77133.20355054492
141,75857.08775965578,165,2558.829503059387,79248.51259210918,77649.54955283694
142,75857.08775965578,165,2575.4556124210358,78898.09419880199,76323.06900402832
143,75857.08775965578,165,2593.3125557899475,78233.7464689175,76548.4977891434
144,75857.08775965578,165,2608.401609182358,79242.60392166149,77185.05790574799
145,75857.08775965578,165,2623.534129858017,78732.2820536083,76129.50853534555
146,75857.08775965578,165,2638.228533267975,78525.56518422787,76523.79234669112
147,75857.08775965578,165,2653.252501487732,78469.78597627311,76623.11668160111
148,75857.08775965578,165,2668.8617689609528,78798.18149789186,77140.65998014552
149,75857.08775965578,165,2685.394581079483,78782.52587382747,76671.89976816185
150,75857.08775965578,165,2701.301828622818,78559.56318763594,77249.2781042697
151,75857.08775965578,165,2717.0595676898956,78760.05070534328,76689.60037014828
152,75857.08775965578,165,2732.4723312854767,78201.76263101462,76810.30008671634
153,75857.08775965578,165,2751.462352514267,78509.6069769469,76714.6284943936
154,75857.08775965578,165,2764.823195695877,78097.68034923822,75925.19933644867
155,75857.08775965578,165,2779.0176331996918,77684.05769920585,76034.93969018261
156,75857.08775965578,165,2797.625310897827,77882.45895417777,76268.19816374387
157,75857.08775965578,165,2814.7224967479706,78348.15646778044,76623.55835933203
158,75857.08775965578,165,2831.048734664917,78188.14320404016,76524.94833097431
159,75857.08775965578,165,2846.951963663101,78092.20667077953,76209.78932199434
160,75506.41413481717,163,2862.8106622695923,78004.40400814696,75506.41413481717
161,75506.41413481717,163,2879.210175037384,77953.60502143357,76505.01648661634
162,75506.41413481717,163,2895.8425896167755,78013.24179862041,76107.72328603634
163,75506.41413481717,163,2911.9986696243286,78307.10403045618,76212.52011760752
164,75506.41413481717,163,2928.072149991989,77856.3734865782,76440.29736490925
165,75506.41413481717,163,2944.5554163455963,78007.5522037393,75632.7156475057
166,75506.41413481717,163,2961.0703389644623,77694.02286890443,76083.50610906955
167,75506.41413481717,163,2978.74689912796,78268.19462524768,75998.44221807794
168,75069.05348888245,162,2994.8804140090942,77871.34232660857,75069.05348888245
169,75069.05348888245,162,3011.2321813106537,77835.46478739264,75775.89967784213
170,75069.05348888245,162,3027.4105694293976,77418.11778934406,75841.61617519658
171,74910.68410873496,163,3044.3239817619324,77364.0979336504,74910.68410873496
172,74910.68410873496,163,3060.6081273555756,77710.57367066309,75687.59048775455
173,74910.68410873496,163,3080.142907857895,78098.55957819038,76177.09262574397
174,74910.68410873496,163,3094.7512595653534,77433.29815279214,75713.51728432068
175,74910.68410873496,163,3109.229502916336,77577.49838481273,75723.1274410913
176,74910.68410873496,163,3123.960268497467,77997.02652208011,76270.43610649866
177,74910.68410873496,163,3138.5621342658997,77183.42475151674,75891.41028177466
178,74905.09189148452,162,3153.44402885437,77442.4265288905,74905.09189148452
179,74522.99314392045,161,3168.002039909363,77218.07564561226,74522.99314392045
180,74522.99314392045,161,3182.6853165626526,78262.78383756659,76750.79233364355
181,74522.99314392045,161,3197.4552431106567,77426.66067333301,75058.62161558688
182,74522.99314392045,161,3212.2199318408966,77482.49432216745,75982.16115883728
183,74522.99314392045,161,3226.7208230495453,77346.93324029454,75878.08196697259
184,74522.99314392045,161,3241.411803007126,77675.65995763519,75285.01820695706
185,74522.99314392045,161,3256.0367279052734,77036.49216757811,75515.02438575737
186,74522.99314392045,161,3270.719780921936,77351.31451728528,75587.20278661992
187,74522.99314392045,161,3285.5195293426514,76971.55057263722,75346.4739440552
188,74306.70463189123,163,3300.3665163517,77211.43410090164,74306.70463189123
189,74306.70463189123,163,3314.7108764648438,77204.20743453634,75355.8289339742
190,74306.70463189123,163,3332.3658678531647,77228.68290644612,75091.3909889763
191,74306.70463189123,163,3347.145495891571,77345.63978475127,75754.67313609629
192,74306.70463189123,163,3362.5753262043,77007.52291750807,75631.40541639904
193,74306.70463189123,163,3378.496801376343,77173.33726747485,74884.94776632197
194,74306.70463189123,163,3393.2766156196594,77191.7006650161,75668.11775045814
195,74306.70463189123,163,3407.9920711517334,76923.5395633333,74705.32045155433
196,74306.70463189123,163,3422.4687345027924,77289.37087100961,76012.85327523507
197,74306.70463189123,163,3436.6599526405334,76816.08325043583,75295.70194885039
198,74306.70463189123,163,3450.9287655353546,76981.90147376413,75052.32511141969
199,74306.70463189123,163,3465.3947637081146,77279.7914173158,75308.4900282289
200,74306.70463189123,163,3480.319476366043,77383.88936430696,75592.0495416378
201,74306.70463189123,163,3494.8828690052032,76991.99850640834,74590.96434789454
202,74306.70463189123,163,3509.3743662834167,76716.33513188921,74782.0083472193
203,74306.70463189123,163,3524.20946764946,76705.16939899226,74821.63076225751
204,74306.70463189123,163,3539.1600437164307,76713.50087806323,74651.43631651816
205,74306.70463189123,163,3554.51758146286,77164.65119541122,74874.9608604605
206,74306.70463189123,163,3569.7833926677704,77102.6026465152,75693.77798647407
207,74306.70463189123,163,3584.400158882141,76800.53783685148,75090.20591927519
208,74306.70463189123,163,3599.2196130752563,76587.88178457464,75269.14802784339
209,74306.70463189123,163,3615.288898229599,77338.33496870713,75872.62305317663
210,74306.70463189123,163,3630.148496389389,76804.42862513787,75195.01717166473
211,74306.70463189123,163,3645.1944053173065,76944.55098613587,75610.28280765004
212,74306.70463189123,163,3660.359149456024,77303.57600715563,75827.04011215629
213,74306.70463189123,163,3675.0816004276276,76879.43347914048,75616.8994735685
214,74306.70463189123,163,3690.223507642746,76916.70357380279,74642.91794237796
215,74306.70463189123,163,3706.534015893936,76948.58778103799,75035.98877530755
216,74306.70463189123,163,3721.008761882782,76911.14090388834,75677.29034556555
217,74306.70463189123,163,3736.167999267578,77013.22420538831,75887.61442280018
218,74306.70463189123,163,3750.7968411445618,77514.8079300104,75993.28807337055
219,74306.70463189123,163,3765.683401823044,77140.940853156,75388.14887843402
220,74289.5467074974,161,3780.867110967636,76901.45070852416,74289.5467074974
221,74289.5467074974,161,3795.3269658088684,76694.56492887891,74806.79238439843
222,74289.5467074974,161,3810.2620265483856,76907.61378069405,75476.14301759838
223,74289.5467074974,161,3824.59662938118,76476.52315124511,75108.56992836647
224,74289.5467074974,161,3839.8848876953125,76880.70903923495,75577.648962846
225,74289.5467074974,161,3855.5590448379517,76972.36760595914,75314.56381298364
226,74289.5467074974,161,3870.6524362564087,76285.6694776871,74437.59629324355
227,74289.5467074974,161,3886.1960315704346,76788.50304001424,75389.20282507651
228,74289.5467074974,161,3900.8686468601227,77045.25844495452,75165.76309666739
229,74289.5467074974,161,3915.10693192482,76441.59298722676,74876.52991184413
230,74289.5467074974,161,3929.6907107830048,77048.55964252466,75374.21095001696
231,74289.5467074974,161,3943.9373219013214,76960.06842573441,75267.96142985602
232,74289.5467074974,161,3957.6536560058594,75895.78823470177,74322.36339478678
233,74289.5467074974,161,3972.1529433727264,76544.90757487984,74396.35355007586
234,74289.5467074974,161,3986.7401852607727,76379.47716443919,75000.31357629137
235,74289.5467074974,161,4001.905584335327,76583.69379844492,74856.42957120918
236,74289.5467074974,161,4016.7464995384216,76770.6416195523,74792.24838705703
237,74253.00210731206,160,4031.4160742759705,76094.98186055874,74253.00210731206
238,74253.00210731206,160,4045.8511111736298,76658.91142406949,75451.52581845588
239,74253.00210731206,160,4060.82785487175,76290.84014587212,74848.27137846654
240,74253.00210731206,160,4075.7049803733826,76477.01153041507,75059.69152009068
241,73988.2309155679,160,4090.5800034999847,76310.23768771671,73988.2309155679
242,73931.69387183015,160,4105.062994480133,76468.74856526274,73931.69387183015
243,73931.69387183015,160,4119.410654306412,76876.15264108128,74949.11012511926
244,73931.69387183015,160,4134.187167882919,76430.88823845149,74461.69723428969
245,73931.69387183015,160,4148.652162075043,76566.53301753647,75362.98981099669
246,73931.69387183015,160,4163.788933038712,76499.17805889485,74430.03401214033
247,73931.69387183015,160,4178.318448781967,76724.8988834639,75232.1065768984
248,73931.69387183015,160,4192.8250477313995,77084.61991492347,75465.75952724632
249,73931.69387183015,160,4207.393054008484,76355.73482778633,74266.93800679444
250,73902.62549816951,159,4222.194760084152,76383.26570361338,73902.62549816951
251,73743.16503510266,158,4236.740854501724,76168.80672188489,73743.16503510266
252,73743.16503510266,158,4251.237671136856,76437.52244527804,74653.31866988061
253,73153.12769768765,159,4265.908427000046,75681.01555323551,73153.12769768765
254,73153.12769768765,159,4280.377010583878,76013.85161104787,74297.16066461212
255,73153.12769768765,159,4294.864174127579,75809.9601018873,74077.88401184576
256,73153.12769768765,159,4309.152195453644,76167.80711686736,74817.18816187694
257,73153.12769768765,159,4323.389795303345,75932.68667405835,74326.43382305183
258,73153.12769768765,159,4338.1894788742065,75776.60087590195,74114.2266103427
259,73153.12769768765,159,4352.549647092819,76013.13649965655,73419.29457174668
260,73153.12769768765,159,4366.904048442841,75560.10316772712,73911.54270428776
261,73153.12769768765,159,4381.1428010463715,76456.24925369698,74620.69344426857
262,73153.12769768765,159,4396.564951181412,75724.51540986732,73826.15558797565
263,73153.12769768765,159,4412.212199926376,75964.5561731141,74672.9856838165
264,73153.12769768765,159,4429.239419221878,75524.1669704172,73253.03005727901
265,73153.12769768765,159,4443.760508298874,76031.06454576457,74045.89139969189
266,73153.12769768765,159,4457.288634061813,75609.15732923019,74326.65405627199
267,73153.12769768765,159,4472.443412542343,75628.67635455019,74409.72372970138
268,73153.12769768765,159,4487.2502772808075,75929.12692293007,73687.79741741423
269,73153.12769768765,159,4502.153431177139,76047.00284262453,74450.0048975808
270,73153.12769768765,159,4520.246309757233,75924.44490077627,74346.79069265797
271,73153.12769768765,159,4535.386167049408,75647.40028933676,74145.14869596694
272,73153.12769768765,159,4552.731349945068,76035.09909143785,74369.28567565569
273,73153.12769768765,159,4569.103620052338,75477.61233793822,74469.09788702379
274,73153.12769768765,159,4584.7199511528015,76156.21718329191,74892.52175892463
275,73153.12769768765,159,4600.3574655056,76020.02850397001,74231.07082091646
276,73153.12769768765,159,4615.537629365921,75809.58713762586,74203.68829536096
277,73153.12769768765,159,4630.484530448914,75621.84115781788,74044.796780814
278,73153.12769768765,159,4644.99272441864,75941.7960866212,74259.2701090487
279,73153.12769768765,159,4659.819445133209,75763.69459600613,73508.85179338223
280,72744.48262156369,157,4674.550807952881,75333.79299920896,72744.48262156369
281,72744.48262156369,157,4689.997292757034,75497.7125403866,73392.95064327729
282,72744.48262156369,157,4704.832601070404,75684.41105860221,73546.25371192937
283,72744.48262156369,157,4719.747740030289,75541.27756409495,74371.58483026958
284,72744.48262156369,157,4735.283859729767,75480.75819557824,74383.21737681035
285,72744.48262156369,157,4751.263473987579,75275.78034195841,73921.20019044148
286,72744.48262156369,157,4765.615944623947,75570.93979504495,72981.25210623772
287,72744.48262156369,157,4780.422961235046,75255.57223260474,74277.11927423663
288,72744.48262156369,157,4795.5611827373505,75431.75240839308,73705.01466064503
289,72744.48262156369,157,4809.219263076782,74906.09051833037,73360.04984872237
290,72744.48262156369,157,4823.714878082275,75192.39377486042,73387.4309179224
291,72744.48262156369,157,4838.380028486252,75127.05392319438,73522.35582115027
292,72744.48262156369,157,4853.522278547287,75237.75469383944,73343.11678438736
293,72744.48262156369,157,4868.246447324753,74894.08465749882,73491.72730175171
294,72744.48262156369,157,4882.921879529953,75536.8543639943,74554.91381394558
295,72744.48262156369,157,4897.7022449970245,74980.37514884524,73925.15479098591
296,72744.48262156369,157,4912.766465187073,74960.51626650264,73933.37502644381
297,71963.73269915259,158,4927.811812400818,75001.47269672735,71963.73269915259
298,71963.73269915259,158,4942.881640195847,74790.86373818286,73611.32537854277
299,71963.73269915259,158,4957.532564878464,75064.01169553975,73347.06640174067
300,71963.73269915259,158,4972.388668060303,75051.60431321972,72916.90013684746
301,71963.73269915259,158,4987.4566655159,74778.34669175633,73221.97195652236
302,71963.73269915259,158,5001.970197677612,74893.62100229664,73027.92217748975
303,71963.73269915259,158,5016.775219678879,75270.29236630631,73987.37930316277
304,71963.73269915259,158,5031.397445440292,74852.6963141647,73338.62276828743
305,71963.73269915259,158,5047.888948440552,75056.55784851756,73576.91960653052
306,71963.73269915259,158,5062.715965747833,75102.74980445945,74079.91228836535
307,71963.73269915259,158,5077.268713235855,74742.98551925496,73369.33767377258
308,71963.73269915259,158,5091.843506574631,75414.06339891178,73786.23737180512
309,71963.73269915259,158,5106.837502479553,75486.48958957908,74194.35262904497
310,71963.73269915259,158,5121.443575382233,74888.57088561883,73009.86383797323
311,71963.73269915259,158,5136.175487041473,74785.28707553544,73367.28956887912
312,71963.73269915259,158,5150.701160430908,74850.45662768384,72528.06502928324
313,71963.73269915259,158,5165.4351551532745,74847.55498025581,73349.52071033303
314,71963.73269915259,158,5180.049859523773,74741.85093239293,72355.774620815
315,71963.73269915259,158,5195.021828174591,74855.55547372608,73515.91438091382
316,71963.73269915259,158,5210.065222024918,74905.51689106665,73695.79882566562
317,71963.73269915259,158,5224.610269784927,75189.96326074415,73767.23467239468
318,71963.73269915259,158,5239.328394651413,74672.36398184288,73010.6025987722
319,71963.73269915259,158,5254.185462236404,74811.37298729483,72958.24932180278
320,71963.73269915259,158,5268.81457734108,74832.53600865226,73262.65209976185
321,71963.73269915259,158,5283.784300327301,74672.53509193353,73616.63779929327
322,71963.73269915259,158,5298.724947214127,74933.96105998728,73497.34768619562
323,71963.73269915259,158,5313.469420433044,74888.74229687509,73221.60181156191
324,71963.73269915259,158,5328.5974724292755,74504.05833816079,72962.81127623281
325,71963.73269915259,158,5343.329221963882,75101.06721216365,73798.65926690605
326,71963.73269915259,158,5358.420616149902,74879.24103494102,72868.95027328035
327,71963.73269915259,158,5373.075271129608,74879.63276124552,73499.83502814407
328,71963.73269915259,158,5389.490388631821,75190.91343318197,73953.64044987905
329,71963.73269915259,158,5406.967486858368,74936.27492321128,73005.53972685964
330,71963.73269915259,158,5420.570284605026,75246.25589226936,73402.6736410825
331,71963.73269915259,158,5434.060234308243,74891.65609009704,73893.03775343983
332,71963.73269915259,158,5448.114300489426,74838.22585987026,74029.53769779555
333,71963.73269915259,158,5461.731762647629,74722.35101756097,72917.23537784608
334,71963.73269915259,158,5476.215784788132,75062.52180961103,73534.97237609203
335,71963.73269915259,158,5488.930508613586,74813.47788673492,73313.62007725301
336,71963.73269915259,158,5502.778418779373,74854.33907261703,73948.0959100652
337,71963.73269915259,158,5517.430341243744,74917.18159969995,73895.00595674943
338,71963.73269915259,158,5532.767869472504,74810.1802712324,73667.58308709222
339,71963.73269915259,158,5548.304062128067,75033.92804980674,73722.64591062287
340,71963.73269915259,158,5562.1940660476685,74764.25051830192,73562.05833625123
341,71963.73269915259,158,5576.810703039169,74634.22624881234,73681.09636098433
342,71963.73269915259,158,5591.550032615662,74857.56535743842,72759.59079112511
343,71963.73269915259,158,5605.838431835175,74879.48870466065,73248.86741354385
344,71963.73269915259,158,5620.398639917374,75094.83150411444,73562.84056507103
345,71963.73269915259,158,5634.995833158493,75158.81991440529,73700.31484644666
346,71963.73269915259,158,5649.957020282745,74859.7496445452,74203.6046307237
347,71963.73269915259,158,5665.100383043289,74879.4375554941,73689.25822589104
348,71963.73269915259,158,5680.635396242142,74926.45854510576,73237.61008377283
349,71963.73269915259,158,5695.350918292999,74549.7765348387,73090.39557012494
350,71963.73269915259,158,5710.679624795914,74878.38081502184,73319.83542529537
351,71963.73269915259,158,5725.743140697479,75091.3679597835,73880.24432761998
352,71963.73269915259,158,5740.000535726547,74880.86053034954,73238.00078688363
353,71963.73269915259,158,5754.527692317963,74850.26123195744,73688.05861501883
354,71963.73269915259,158,5769.117367982864,74847.09086505439,73798.15577021151
355,71963.73269915259,158,5784.295206308365,75115.15671736342,73274.25002219644
356,71963.73269915259,158,5799.7637412548065,74505.97576540515,73115.43274148113
357,71963.73269915259,158,5815.708548545837,74865.37033668302,73232.21769614876
358,71963.73269915259,158,5830.567120075226,74938.19588382647,72855.78853024456
359,71963.73269915259,158,5846.308920383453,74903.2672540826,73738.24679178194
360,71963.73269915259,158,5861.49897646904,74972.40720049855,73659.7507564659
361,71963.73269915259,158,5875.907103776932,75078.91997988209,73952.55156676851
362,71963.73269915259,158,5890.350235939026,74800.5610894277,73482.99417555337
363,71963.73269915259,158,5904.711151599884,74832.2148227783,73649.04589025595
364,71963.73269915259,158,5919.411243915558,75199.07200263854,73873.41832765331
365,71963.73269915259,158,5933.983422756195,75223.12776726893,73934.75755307684
366,71963.73269915259,158,5949.281419754028,75007.28063500937,73549.02513946095
367,71963.73269915259,158,5963.99164891243,74671.87680367635,73156.77929178356
368,71963.73269915259,158,5979.427823781967,74818.637350912,72912.52257883934
369,71963.73269915259,158,5994.19802904129,75152.94906404844,73808.7550488797
370,71963.73269915259,158,6009.013383388519,75119.53086032717,73913.55668705374
371,71963.73269915259,158,6024.079611778259,74655.6675019477,72930.90888686651
372,71963.73269915259,158,6039.015928506851,74837.67546193794,73555.60528290413
373,71963.73269915259,158,6053.999910354614,75268.03577651488,74062.60557389539
374,71963.73269915259,158,6069.067780017853,74908.93439965331,73430.79552057305
375,71963.73269915259,158,6083.908855199814,74681.82306693033,73516.48828223486
376,71963.73269915259,158,6098.737380743027,74705.02558462156,73515.84772135963
377,71963.73269915259,158,6114.103766441345,74950.21868055043,73561.96777269249
378,71963.73269915259,158,6128.879463434219,75032.78779172497,73918.91811442067
379,71963.73269915259,158,6143.783132553101,74918.99983451753,72906.13909056413
380,71963.73269915259,158,6159.002844810486,75047.14588690174,73661.52604798671
381,71963.73269915259,158,6174.604538440704,74974.79026425803,73372.20398687325
382,71963.73269915259,158,6189.169985771179,74935.78615767676,73754.56349459279
383,71963.73269915259,158,6203.6306030750275,74903.81903661888,73733.57154038864
384,71963.73269915259,158,6220.08283495903,74706.51207184818,73934.0930584033
385,71963.73269915259,158,6236.443013191223,74856.09240553658,73237.64841409161
386,71963.73269915259,158,6252.086861133575,75106.02963253444,73312.27883465553
387,71963.73269915259,158,6266.754455089569,74925.88450976332,73587.24986245041
388,71963.73269915259,158,6281.470363616943,75058.03013418443,73800.04228108829
389,71963.73269915259,158,6296.624738693237,74796.85166343037,73678.29099827632
390,71963.73269915259,158,6311.794196367264,74714.79013412044,73173.79729672737
391,71963.73269915259,158,6326.44690990448,75400.0748771083,74349.84807623207
392,71963.73269915259,158,6340.810364723206,75260.20470642732,73998.27181028175
393,71963.73269915259,158,6355.705101966858,75116.28736259055,74106.74401441458
394,71963.73269915259,158,6370.608668088913,75055.59450005823,73121.737368561
395,71963.73269915259,158,6385.317156076431,74868.96854289008,73459.58153300217
396,71963.73269915259,158,6399.952519416809,74878.24285869492,73563.17949654207
397,71963.73269915259,158,6415.356749296188,75026.30090427304,73184.54866945167
398,71963.73269915259,158,6430.177328586578,75327.09670420094,73945.79384868205
